# Model: building_apt
mtllib building_apt.mtl

v -2.4624 0.4128 2.0649
v -0.8931 0.4128 2.0649
v -0.8931 0.4128 1.8663
v -2.4624 0.4128 1.8663
v -0.8931 0.0000 2.6608
v -0.8931 0.1032 2.6608
v -2.4624 0.1032 2.6608
v -2.4624 0.0000 2.6608
v -2.4624 0.3096 2.0649
v -0.8931 0.3096 2.0649
v -0.8931 0.3096 2.2635
v -0.8931 0.2064 2.2635
v -0.8931 0.2064 2.4621
v -0.8931 0.1032 2.4621
v -2.4624 0.3096 2.2635
v -2.4624 0.2064 2.2635
v -2.4624 0.1032 2.4621
v -2.4624 0.2064 2.4621
v 0.8830 0.4128 2.0649
v 2.4523 0.4128 2.0649
v 2.4523 0.4128 1.8663
v 0.8830 0.4128 1.8663
v 2.4523 0.0000 2.6608
v 2.4523 0.1032 2.6608
v 0.8830 0.1032 2.6608
v 0.8830 0.0000 2.6608
v 0.8830 0.3096 2.0649
v 2.4523 0.3096 2.0649
v 2.4523 0.3096 2.2635
v 2.4523 0.2064 2.2635
v 2.4523 0.2064 2.4621
v 2.4523 0.1032 2.4621
v 0.8830 0.3096 2.2635
v 0.8830 0.2064 2.2635
v 0.8830 0.1032 2.4621
v 0.8830 0.2064 2.4621
v -2.5386 2.5566 -2.5949
v -2.5386 2.5566 0.5033
v -2.5386 4.9664 -1.0458
v -2.5386 2.3156 -0.9442
v -2.5386 2.3156 -1.1474
v -2.5386 1.0690 -0.9442
v -2.5386 0.4911 0.5033
v -2.5386 1.0690 0.0609
v -2.5386 1.0690 -2.1525
v -2.5386 0.4911 -2.5949
v -2.5386 1.0690 -1.1474
v -2.5386 2.3156 0.0609
v -2.5386 2.3156 -2.1525
v -1.4800 2.2426 0.5033
v -1.4800 0.5920 0.5033
v -1.3911 0.4911 0.5033
v -1.3911 2.4577 0.5033
v -2.2916 2.2426 0.5033
v -2.5386 2.4577 0.5033
v -2.2916 0.5920 0.5033
v 2.5386 2.5566 -2.5949
v 2.5386 4.9664 -1.0458
v 2.5386 2.5566 0.5033
v 2.5386 2.3156 -0.9442
v 2.5386 2.3156 -1.1474
v 2.5386 1.0690 -0.9442
v 2.5386 1.0690 0.0609
v 2.5386 0.4911 0.5033
v 2.5386 1.0690 -2.1525
v 2.5386 1.0690 -1.1474
v 2.5386 0.4911 -2.5949
v 2.5386 2.3156 0.0609
v 2.5386 2.3156 -2.1525
v 1.4800 2.2426 0.5033
v 1.3911 2.4577 0.5033
v 1.3911 0.4911 0.5033
v 1.4800 0.5920 0.5033
v 2.2916 2.2426 0.5033
v 2.5386 2.4577 0.5033
v 2.2916 0.5920 0.5033
v -2.3243 0.6113 1.6769
v -2.3243 0.6113 1.8606
v -2.5081 0.6113 1.8606
v -2.5081 0.6113 1.6769
v -2.4793 0.6622 1.8376
v -2.3532 0.6622 1.8376
v -2.3532 2.4254 1.8376
v -2.4793 2.4254 1.8376
v -2.5081 0.6622 1.8606
v -2.5081 0.6622 1.6769
v -2.3243 0.6622 1.6769
v -2.3243 0.6622 1.8606
v -2.3532 0.6622 1.6999
v -2.4793 0.6622 1.6999
v -2.4793 2.4254 1.6999
v -2.5061 2.4254 1.8669
v -2.5061 2.4254 1.6706
v -2.3532 2.4254 1.6999
v -2.5061 2.4716 1.8669
v -2.5061 2.4716 1.6706
v -2.3263 2.4254 1.6706
v -2.3263 2.4254 1.8669
v -2.3263 2.4716 1.6706
v -2.3263 2.4716 1.8669
v 2.3243 0.6113 1.6769
v 2.5081 0.6113 1.6769
v 2.5081 0.6113 1.8606
v 2.3243 0.6113 1.8606
v 2.4793 0.6622 1.8376
v 2.4793 2.4254 1.8376
v 2.3532 2.4254 1.8376
v 2.3532 0.6622 1.8376
v 2.5081 0.6622 1.6769
v 2.5081 0.6622 1.8606
v 2.3243 0.6622 1.8606
v 2.3243 0.6622 1.6769
v 2.3532 0.6622 1.6999
v 2.4793 0.6622 1.6999
v 2.4793 2.4254 1.6999
v 2.5061 2.4254 1.6706
v 2.5061 2.4254 1.8669
v 2.3532 2.4254 1.6999
v 2.5061 2.4716 1.6706
v 2.5061 2.4716 1.8669
v 2.3263 2.4254 1.8669
v 2.3263 2.4254 1.6706
v 2.3263 2.4716 1.6706
v 2.3263 2.4716 1.8669
v -1.0279 0.6113 1.6769
v -0.8442 0.6113 1.6769
v -0.8442 0.6113 1.8606
v -1.0279 0.6113 1.8606
v -0.8730 0.6622 1.8376
v -0.8730 2.4254 1.8376
v -0.9991 2.4254 1.8376
v -0.9991 0.6622 1.8376
v -0.8442 0.6622 1.6769
v -0.8442 0.6622 1.8606
v -1.0279 0.6622 1.8606
v -1.0279 0.6622 1.6769
v -0.9991 0.6622 1.6999
v -0.8730 0.6622 1.6999
v -0.8730 2.4254 1.6999
v -0.8462 2.4254 1.6706
v -0.8462 2.4254 1.8669
v -0.9991 2.4254 1.6999
v -0.8462 2.4716 1.6706
v -0.8462 2.4716 1.8669
v -1.0259 2.4254 1.8669
v -1.0259 2.4254 1.6706
v -1.0259 2.4716 1.6706
v -1.0259 2.4716 1.8669
v 1.0124 0.6113 1.6769
v 1.0124 0.6113 1.8606
v 0.8286 0.6113 1.8606
v 0.8286 0.6113 1.6769
v 0.8575 0.6622 1.8376
v 0.9836 0.6622 1.8376
v 1.0077 2.4254 1.8376
v 0.8816 2.4254 1.8376
v 0.8286 0.6622 1.8606
v 0.8286 0.6622 1.6769
v 1.0124 0.6622 1.6769
v 1.0124 0.6622 1.8606
v 0.9836 0.6622 1.6999
v 0.8575 0.6622 1.6999
v 0.8816 2.4254 1.6999
v 0.8547 2.4254 1.8669
v 0.8547 2.4254 1.6706
v 1.0077 2.4254 1.6999
v 0.8547 2.4716 1.8669
v 0.8547 2.4716 1.6706
v 1.0345 2.4254 1.6706
v 1.0345 2.4254 1.8669
v 1.0345 2.4716 1.6706
v 1.0345 2.4716 1.8669
v -2.3926 0.1033 2.6072
v -2.3926 0.7689 1.7564
v -2.3926 0.8350 1.7564
v -2.3926 0.7952 1.8073
v -2.3926 0.7724 1.8365
v -2.3926 0.7440 1.8727
v -2.3926 0.7212 1.9019
v -2.3926 0.6928 1.9382
v -2.3926 0.6700 1.9674
v -2.3926 0.6417 2.0036
v -2.3926 0.6188 2.0328
v -2.3926 0.5904 2.0690
v -2.3926 0.5676 2.0982
v -2.3926 0.5392 2.1345
v -2.3926 0.5164 2.1637
v -2.3926 0.4880 2.1999
v -2.3926 0.4651 2.2291
v -2.3926 0.4368 2.2654
v -2.3926 0.4140 2.2946
v -2.3926 0.3856 2.3308
v -2.3926 0.3627 2.3600
v -2.3926 0.3344 2.3963
v -2.3926 0.3116 2.4254
v -2.3926 0.2832 2.4617
v -2.3926 0.2604 2.4909
v -2.3926 0.2320 2.5271
v -2.3926 0.2092 2.5563
v -2.3926 0.1694 2.6072
v -2.3926 1.2171 1.8073
v -2.3926 1.1943 1.8365
v -2.3926 1.1659 1.8727
v -2.3926 1.1431 1.9019
v -2.3926 1.1147 1.9382
v -2.3926 1.0919 1.9674
v -2.3926 1.0635 2.0036
v -2.3926 1.0406 2.0328
v -2.3926 1.0123 2.0690
v -2.3926 0.9894 2.0982
v -2.3926 0.9611 2.1345
v -2.3926 0.9382 2.1637
v -2.3926 0.9099 2.1999
v -2.3926 0.8870 2.2291
v -2.3926 0.8586 2.2654
v -2.3926 0.8358 2.2946
v -2.3926 0.8074 2.3308
v -2.3926 0.7846 2.3600
v -2.3926 0.7563 2.3963
v -2.3926 0.7334 2.4254
v -2.3926 0.7050 2.4617
v -2.3926 0.6822 2.4909
v -2.3926 0.6539 2.5271
v -2.3926 0.6310 2.5563
v -2.3926 1.3302 1.7564
v -2.3926 0.6646 2.6072
v -2.3926 0.5912 2.6072
v -2.3926 1.2569 1.7564
v -0.9051 0.7724 1.8365
v -0.9051 0.7952 1.8073
v -0.9051 1.2171 1.8073
v -0.9051 1.1943 1.8365
v -2.4485 0.2092 2.5563
v -2.4485 0.2320 2.5271
v -2.4485 0.2604 2.4909
v -2.4485 0.2832 2.4617
v -2.4485 0.3116 2.4254
v -2.4485 0.3344 2.3963
v -2.4485 0.3627 2.3600
v -2.4485 0.3856 2.3308
v -2.4485 0.4140 2.2946
v -2.4485 0.4368 2.2654
v -2.4485 0.4651 2.2291
v -2.4485 0.4880 2.1999
v -2.4485 0.5164 2.1637
v -2.4485 0.5392 2.1345
v -2.4485 0.5676 2.0982
v -2.4485 0.5904 2.0690
v -2.4485 0.6188 2.0328
v -2.4485 0.6417 2.0036
v -2.4485 0.6700 1.9674
v -2.4485 0.6928 1.9382
v -2.4485 0.7212 1.9019
v -2.4485 0.7440 1.8727
v -2.4485 0.7724 1.8365
v -2.4485 0.7952 1.8073
v -2.4485 0.8350 1.7564
v -2.4485 0.7689 1.7564
v -2.4485 0.1033 2.6072
v -2.4485 0.1694 2.6072
v -2.4485 1.1943 1.8365
v -2.4485 1.2171 1.8073
v -2.4485 1.1431 1.9019
v -2.4485 1.1659 1.8727
v -2.4485 1.0919 1.9674
v -2.4485 1.1147 1.9382
v -2.4485 1.0406 2.0328
v -2.4485 1.0635 2.0036
v -2.4485 0.9894 2.0982
v -2.4485 1.0123 2.0690
v -2.4485 0.9382 2.1637
v -2.4485 0.9611 2.1345
v -2.4485 0.8870 2.2291
v -2.4485 0.9099 2.1999
v -2.4485 0.8358 2.2946
v -2.4485 0.8586 2.2654
v -2.4485 0.7846 2.3600
v -2.4485 0.8074 2.3308
v -2.4485 0.7334 2.4254
v -2.4485 0.7563 2.3963
v -2.4485 0.6822 2.4909
v -2.4485 0.7050 2.4617
v -2.4485 0.6310 2.5563
v -2.4485 0.6539 2.5271
v -2.4485 1.3302 1.7564
v -2.4485 1.2569 1.7564
v -2.4485 0.5912 2.6072
v -2.4485 0.6646 2.6072
v -0.9051 0.3116 2.4254
v -0.9051 0.3344 2.3963
v -0.9051 0.7563 2.3963
v -0.9051 0.7334 2.4254
v -0.9051 0.4140 2.2946
v -0.9051 0.4368 2.2654
v -0.9051 0.8586 2.2654
v -0.9051 0.8358 2.2946
v -0.9611 0.6700 1.9674
v -0.9611 1.0919 1.9674
v -0.9611 1.1147 1.9382
v -0.9611 0.6928 1.9382
v -0.9051 0.2092 2.5563
v -0.9051 0.2320 2.5271
v -0.9051 0.6539 2.5271
v -0.9051 0.6310 2.5563
v -0.9051 1.3302 1.7564
v -0.9051 0.6646 2.6072
v -0.9051 0.5912 2.6072
v -0.9051 0.6822 2.4909
v -0.9051 0.7050 2.4617
v -0.9051 0.7846 2.3600
v -0.9051 0.8074 2.3308
v -0.9051 0.8870 2.2291
v -0.9051 0.9099 2.1999
v -0.9051 0.9382 2.1637
v -0.9051 0.9611 2.1345
v -0.9051 0.9894 2.0982
v -0.9051 1.0123 2.0690
v -0.9051 1.0406 2.0328
v -0.9051 1.0635 2.0036
v -0.9051 1.0919 1.9674
v -0.9051 1.1147 1.9382
v -0.9051 1.1431 1.9019
v -0.9051 1.1659 1.8727
v -0.9051 1.2569 1.7564
v -0.9051 0.5164 2.1637
v -0.9051 0.5392 2.1345
v -0.9611 0.7212 1.9019
v -0.9611 1.1431 1.9019
v -0.9611 1.1659 1.8727
v -0.9611 0.7440 1.8727
v -0.9051 0.6188 2.0328
v -0.9051 0.6417 2.0036
v -0.9051 0.7212 1.9019
v -0.9051 0.7440 1.8727
v -0.9611 0.2092 2.5563
v -0.9611 0.2320 2.5271
v -0.9611 0.2604 2.4909
v -0.9611 0.2832 2.4617
v -0.9611 0.3116 2.4254
v -0.9611 0.3344 2.3963
v -0.9611 0.3627 2.3600
v -0.9611 0.3856 2.3308
v -0.9611 0.4140 2.2946
v -0.9611 0.4368 2.2654
v -0.9611 0.4651 2.2291
v -0.9611 0.4880 2.1999
v -0.9611 0.5164 2.1637
v -0.9611 0.5392 2.1345
v -0.9611 0.5676 2.0982
v -0.9611 0.5904 2.0690
v -0.9611 0.6188 2.0328
v -0.9611 0.6417 2.0036
v -0.9611 0.7724 1.8365
v -0.9611 0.7952 1.8073
v -0.9611 0.8350 1.7564
v -0.9611 0.7689 1.7564
v -0.9611 0.1033 2.6072
v -0.9611 0.1694 2.6072
v -0.9051 0.1033 2.6072
v -0.9051 0.7689 1.7564
v -0.9051 0.8350 1.7564
v -0.9051 0.6928 1.9382
v -0.9051 0.6700 1.9674
v -0.9051 0.5904 2.0690
v -0.9051 0.5676 2.0982
v -0.9051 0.4880 2.1999
v -0.9051 0.4651 2.2291
v -0.9051 0.3856 2.3308
v -0.9051 0.3627 2.3600
v -0.9051 0.2832 2.4617
v -0.9051 0.2604 2.4909
v -0.9051 0.1694 2.6072
v -0.9611 0.9894 2.0982
v -0.9611 1.0123 2.0690
v -0.9611 0.7846 2.3600
v -0.9611 0.8074 2.3308
v -0.9611 0.9382 2.1637
v -0.9611 0.9611 2.1345
v -0.9611 1.1943 1.8365
v -0.9611 1.2171 1.8073
v -0.9611 0.8870 2.2291
v -0.9611 0.9099 2.1999
v -0.9611 1.0406 2.0328
v -0.9611 1.0635 2.0036
v -0.9611 0.8358 2.2946
v -0.9611 0.8586 2.2654
v -0.9611 0.7334 2.4254
v -0.9611 0.7563 2.3963
v -0.9611 0.6822 2.4909
v -0.9611 0.7050 2.4617
v -0.9611 0.6310 2.5563
v -0.9611 0.6539 2.5271
v -0.9611 1.3302 1.7564
v -0.9611 1.2569 1.7564
v -0.9611 0.5912 2.6072
v -0.9611 0.6646 2.6072
v -2.4767 0.0000 2.5716
v -2.4767 0.0000 2.6902
v -2.4767 0.7345 2.6902
v -2.4767 0.7345 2.5716
v -2.3654 0.0000 2.6902
v -2.3654 0.7345 2.6902
v -2.3654 0.0000 2.5716
v -2.3654 0.7345 2.5716
v -0.9853 0.0000 2.5716
v -0.9853 0.0000 2.6902
v -0.9853 0.7345 2.6902
v -0.9853 0.7345 2.5716
v -0.8740 0.0000 2.6902
v -0.8740 0.7345 2.6902
v -0.8740 0.0000 2.5716
v -0.8740 0.7345 2.5716
v 0.9528 0.1033 2.6072
v 0.9528 0.7689 1.7564
v 0.9528 0.8350 1.7564
v 0.9528 0.7952 1.8073
v 0.9528 0.7724 1.8365
v 0.9528 0.7440 1.8727
v 0.9528 0.7212 1.9019
v 0.9528 0.6928 1.9382
v 0.9528 0.6700 1.9674
v 0.9528 0.6417 2.0036
v 0.9528 0.6188 2.0328
v 0.9528 0.5904 2.0690
v 0.9528 0.5676 2.0982
v 0.9528 0.5392 2.1345
v 0.9528 0.5164 2.1637
v 0.9528 0.4880 2.1999
v 0.9528 0.4651 2.2291
v 0.9528 0.4368 2.2654
v 0.9528 0.4140 2.2946
v 0.9528 0.3856 2.3308
v 0.9528 0.3627 2.3600
v 0.9528 0.3344 2.3963
v 0.9528 0.3116 2.4254
v 0.9528 0.2832 2.4617
v 0.9528 0.2604 2.4909
v 0.9528 0.2320 2.5271
v 0.9528 0.2092 2.5563
v 0.9528 0.1694 2.6072
v 0.9528 1.2171 1.8073
v 0.9528 1.1943 1.8365
v 0.9528 1.1659 1.8727
v 0.9528 1.1431 1.9019
v 0.9528 1.1147 1.9382
v 0.9528 1.0919 1.9674
v 0.9528 1.0635 2.0036
v 0.9528 1.0406 2.0328
v 0.9528 1.0123 2.0690
v 0.9528 0.9894 2.0982
v 0.9528 0.9611 2.1345
v 0.9528 0.9382 2.1637
v 0.9528 0.9099 2.1999
v 0.9528 0.8870 2.2291
v 0.9528 0.8586 2.2654
v 0.9528 0.8358 2.2946
v 0.9528 0.8074 2.3308
v 0.9528 0.7846 2.3600
v 0.9528 0.7563 2.3963
v 0.9528 0.7334 2.4254
v 0.9528 0.7050 2.4617
v 0.9528 0.6822 2.4909
v 0.9528 0.6539 2.5271
v 0.9528 0.6310 2.5563
v 0.9528 1.3302 1.7564
v 0.9528 0.6646 2.6072
v 0.9528 0.5912 2.6072
v 0.9528 1.2569 1.7564
v 2.4402 0.7724 1.8365
v 2.4402 0.7952 1.8073
v 2.4402 1.2171 1.8073
v 2.4402 1.1943 1.8365
v 0.8968 0.2092 2.5563
v 0.8968 0.2320 2.5271
v 0.8968 0.2604 2.4909
v 0.8968 0.2832 2.4617
v 0.8968 0.3116 2.4254
v 0.8968 0.3344 2.3963
v 0.8968 0.3627 2.3600
v 0.8968 0.3856 2.3308
v 0.8968 0.4140 2.2946
v 0.8968 0.4368 2.2654
v 0.8968 0.4651 2.2291
v 0.8968 0.4880 2.1999
v 0.8968 0.5164 2.1637
v 0.8968 0.5392 2.1345
v 0.8968 0.5676 2.0982
v 0.8968 0.5904 2.0690
v 0.8968 0.6188 2.0328
v 0.8968 0.6417 2.0036
v 0.8968 0.6700 1.9674
v 0.8968 0.6928 1.9382
v 0.8968 0.7212 1.9019
v 0.8968 0.7440 1.8727
v 0.8968 0.7724 1.8365
v 0.8968 0.7952 1.8073
v 0.8968 0.8350 1.7564
v 0.8968 0.7689 1.7564
v 0.8968 0.1033 2.6072
v 0.8968 0.1694 2.6072
v 0.8968 1.1943 1.8365
v 0.8968 1.2171 1.8073
v 0.8968 1.1431 1.9019
v 0.8968 1.1659 1.8727
v 0.8968 1.0919 1.9674
v 0.8968 1.1147 1.9382
v 0.8968 1.0406 2.0328
v 0.8968 1.0635 2.0036
v 0.8968 0.9894 2.0982
v 0.8968 1.0123 2.0690
v 0.8968 0.9382 2.1637
v 0.8968 0.9611 2.1345
v 0.8968 0.8870 2.2291
v 0.8968 0.9099 2.1999
v 0.8968 0.8358 2.2946
v 0.8968 0.8586 2.2654
v 0.8968 0.7846 2.3600
v 0.8968 0.8074 2.3308
v 0.8968 0.7334 2.4254
v 0.8968 0.7563 2.3963
v 0.8968 0.6822 2.4909
v 0.8968 0.7050 2.4617
v 0.8968 0.6310 2.5563
v 0.8968 0.6539 2.5271
v 0.8968 1.3302 1.7564
v 0.8968 1.2569 1.7564
v 0.8968 0.5912 2.6072
v 0.8968 0.6646 2.6072
v 2.4402 0.3116 2.4254
v 2.4402 0.3344 2.3963
v 2.4402 0.7563 2.3963
v 2.4402 0.7334 2.4254
v 2.4402 0.4140 2.2946
v 2.4402 0.4368 2.2654
v 2.4402 0.8586 2.2654
v 2.4402 0.8358 2.2946
v 2.3842 0.6700 1.9674
v 2.3842 1.0919 1.9674
v 2.3842 1.1147 1.9382
v 2.3842 0.6928 1.9382
v 2.4402 0.2092 2.5563
v 2.4402 0.2320 2.5271
v 2.4402 0.6539 2.5271
v 2.4402 0.6310 2.5563
v 2.4402 1.3302 1.7564
v 2.4402 0.6646 2.6072
v 2.4402 0.5912 2.6072
v 2.4402 0.6822 2.4909
v 2.4402 0.7050 2.4617
v 2.4402 0.7846 2.3600
v 2.4402 0.8074 2.3308
v 2.4402 0.8870 2.2291
v 2.4402 0.9099 2.1999
v 2.4402 0.9382 2.1637
v 2.4402 0.9611 2.1345
v 2.4402 0.9894 2.0982
v 2.4402 1.0123 2.0690
v 2.4402 1.0406 2.0328
v 2.4402 1.0635 2.0036
v 2.4402 1.0919 1.9674
v 2.4402 1.1147 1.9382
v 2.4402 1.1431 1.9019
v 2.4402 1.1659 1.8727
v 2.4402 1.2569 1.7564
v 2.4402 0.5164 2.1637
v 2.4402 0.5392 2.1345
v 2.3842 0.7212 1.9019
v 2.3842 1.1431 1.9019
v 2.3842 1.1659 1.8727
v 2.3842 0.7440 1.8727
v 2.4402 0.6188 2.0328
v 2.4402 0.6417 2.0036
v 2.4402 0.7212 1.9019
v 2.4402 0.7440 1.8727
v 2.3842 0.2092 2.5563
v 2.3842 0.2320 2.5271
v 2.3842 0.2604 2.4909
v 2.3842 0.2832 2.4617
v 2.3842 0.3116 2.4254
v 2.3842 0.3344 2.3963
v 2.3842 0.3627 2.3600
v 2.3842 0.3856 2.3308
v 2.3842 0.4140 2.2946
v 2.3842 0.4368 2.2654
v 2.3842 0.4651 2.2291
v 2.3842 0.4880 2.1999
v 2.3842 0.5164 2.1637
v 2.3842 0.5392 2.1345
v 2.3842 0.5676 2.0982
v 2.3842 0.5904 2.0690
v 2.3842 0.6188 2.0328
v 2.3842 0.6417 2.0036
v 2.3842 0.7724 1.8365
v 2.3842 0.7952 1.8073
v 2.3842 0.8350 1.7564
v 2.3842 0.7689 1.7564
v 2.3842 0.1033 2.6072
v 2.3842 0.1694 2.6072
v 2.4402 0.1033 2.6072
v 2.4402 0.7689 1.7564
v 2.4402 0.8350 1.7564
v 2.4402 0.6928 1.9382
v 2.4402 0.6700 1.9674
v 2.4402 0.5904 2.0690
v 2.4402 0.5676 2.0982
v 2.4402 0.4880 2.1999
v 2.4402 0.4651 2.2291
v 2.4402 0.3856 2.3308
v 2.4402 0.3627 2.3600
v 2.4402 0.2832 2.4617
v 2.4402 0.2604 2.4909
v 2.4402 0.1694 2.6072
v 2.3842 0.9894 2.0982
v 2.3842 1.0123 2.0690
v 2.3842 0.7846 2.3600
v 2.3842 0.8074 2.3308
v 2.3842 0.9382 2.1637
v 2.3842 0.9611 2.1345
v 2.3842 1.1943 1.8365
v 2.3842 1.2171 1.8073
v 2.3842 0.8870 2.2291
v 2.3842 0.9099 2.1999
v 2.3842 1.0406 2.0328
v 2.3842 1.0635 2.0036
v 2.3842 0.8358 2.2946
v 2.3842 0.8586 2.2654
v 2.3842 0.7334 2.4254
v 2.3842 0.7563 2.3963
v 2.3842 0.6822 2.4909
v 2.3842 0.7050 2.4617
v 2.3842 0.6310 2.5563
v 2.3842 0.6539 2.5271
v 2.3842 1.3302 1.7564
v 2.3842 1.2569 1.7564
v 2.3842 0.5912 2.6072
v 2.3842 0.6646 2.6072
v 0.8686 0.0000 2.5716
v 0.8686 0.0000 2.6902
v 0.8686 0.7345 2.6902
v 0.8686 0.7345 2.5716
v 0.9799 0.0000 2.6902
v 0.9799 0.7345 2.6902
v 0.9799 0.0000 2.5716
v 0.9799 0.7345 2.5716
v 2.3600 0.0000 2.5716
v 2.3600 0.0000 2.6902
v 2.3600 0.7345 2.6902
v 2.3600 0.7345 2.5716
v 2.4713 0.0000 2.6902
v 2.4713 0.7345 2.6902
v 2.4713 0.0000 2.5716
v 2.4713 0.7345 2.5716
v -2.4079 1.2314 1.6135
v -2.4079 1.2314 1.6471
v -2.4079 0.7416 1.6471
v -2.4079 0.7416 1.6135
v -2.4079 1.2314 1.5366
v -2.4079 1.2314 1.5703
v -2.4079 0.7416 1.5703
v -2.4079 0.7416 1.5366
v -2.4079 1.2314 1.4598
v -2.4079 1.2314 1.4935
v -2.4079 0.7416 1.4935
v -2.4079 0.7416 1.4598
v -2.4079 1.2314 1.3830
v -2.4079 1.2314 1.4166
v -2.4079 0.7416 1.4166
v -2.4079 0.7416 1.3830
v -2.4079 1.2314 1.3061
v -2.4079 1.2314 1.3398
v -2.4079 0.7416 1.3398
v -2.4079 0.7416 1.3061
v -2.4079 1.2314 1.2293
v -2.4079 1.2314 1.2629
v -2.4079 0.7416 1.2629
v -2.4079 0.7416 1.2293
v -2.4079 1.2314 1.1525
v -2.4079 1.2314 1.1861
v -2.4079 0.7416 1.1861
v -2.4079 0.7416 1.1525
v -2.4079 1.2314 1.0756
v -2.4079 1.2314 1.1093
v -2.4079 0.7416 1.1093
v -2.4079 0.7416 1.0756
v -2.4079 1.2314 0.9988
v -2.4079 1.2314 1.0324
v -2.4079 0.7416 1.0324
v -2.4079 0.7416 0.9988
v -2.4079 1.2314 0.9219
v -2.4079 1.2314 0.9556
v -2.4079 0.7416 0.9556
v -2.4079 0.7416 0.9219
v -2.4079 1.2314 0.8451
v -2.4079 1.2314 0.8788
v -2.4079 0.7416 0.8788
v -2.4079 0.7416 0.8451
v -2.4079 1.2314 0.7683
v -2.4079 1.2314 0.8019
v -2.4079 0.7416 0.8019
v -2.4079 0.7416 0.7683
v -2.4079 1.2314 0.6914
v -2.4079 1.2314 0.7251
v -2.4079 0.7416 0.7251
v -2.4079 0.7416 0.6914
v -2.4079 1.2314 0.6146
v -2.4079 1.2314 0.6482
v -2.4079 0.7416 0.6482
v -2.4079 0.7416 0.6146
v -2.4079 1.2314 0.5378
v -2.4079 1.2314 0.5714
v -2.4079 0.7416 0.5714
v -2.4079 0.7416 0.5378
v -2.4660 1.2314 1.6135
v -2.4660 0.7416 1.6135
v -2.4660 0.7416 1.6471
v -2.4660 1.2314 1.6471
v -2.4660 1.2314 1.5366
v -2.4660 0.7416 1.5366
v -2.4660 0.7416 1.5703
v -2.4660 1.2314 1.5703
v -2.4660 1.2314 1.4598
v -2.4660 0.7416 1.4598
v -2.4660 0.7416 1.4935
v -2.4660 1.2314 1.4935
v -2.4660 1.2314 1.3830
v -2.4660 0.7416 1.3830
v -2.4660 0.7416 1.4166
v -2.4660 1.2314 1.4166
v -2.4660 1.2314 1.3061
v -2.4660 0.7416 1.3061
v -2.4660 0.7416 1.3398
v -2.4660 1.2314 1.3398
v -2.4660 1.2314 1.2293
v -2.4660 0.7416 1.2293
v -2.4660 0.7416 1.2629
v -2.4660 1.2314 1.2629
v -2.4660 1.2314 1.1525
v -2.4660 0.7416 1.1525
v -2.4660 0.7416 1.1861
v -2.4660 1.2314 1.1861
v -2.4660 1.2314 1.0756
v -2.4660 0.7416 1.0756
v -2.4660 0.7416 1.1093
v -2.4660 1.2314 1.1093
v -2.4660 1.2314 0.9988
v -2.4660 0.7416 0.9988
v -2.4660 0.7416 1.0324
v -2.4660 1.2314 1.0324
v -2.4660 1.2314 0.9219
v -2.4660 0.7416 0.9219
v -2.4660 0.7416 0.9556
v -2.4660 1.2314 0.9556
v -2.4660 1.2314 0.8451
v -2.4660 0.7416 0.8451
v -2.4660 0.7416 0.8788
v -2.4660 1.2314 0.8788
v -2.4660 1.2314 0.7683
v -2.4660 0.7416 0.7683
v -2.4660 0.7416 0.8019
v -2.4660 1.2314 0.8019
v -2.4660 1.2314 0.6914
v -2.4660 0.7416 0.6914
v -2.4660 0.7416 0.7251
v -2.4660 1.2314 0.7251
v -2.4660 1.2314 0.6146
v -2.4660 0.7416 0.6146
v -2.4660 0.7416 0.6482
v -2.4660 1.2314 0.6482
v -2.4660 1.2314 0.5378
v -2.4660 0.7416 0.5378
v -2.4660 0.7416 0.5714
v -2.4660 1.2314 0.5714
v -2.4079 1.2927 1.7319
v -2.4079 1.2314 1.7319
v -2.4079 1.2314 0.4729
v -2.4079 1.2927 0.4729
v -2.4660 1.2314 1.7319
v -2.4660 1.2927 1.7319
v -2.4660 1.2927 0.4729
v -2.4660 1.2314 0.4729
v -2.4660 0.6843 1.7263
v -2.4660 0.7416 1.7263
v -2.4660 0.7416 0.4718
v -2.4660 0.6843 0.4718
v -2.4079 0.7416 1.7263
v -2.4079 0.6843 1.7263
v -2.4079 0.6843 0.4718
v -2.4079 0.7416 0.4718
v 2.4079 1.2314 1.6135
v 2.4079 0.7416 1.6135
v 2.4079 0.7416 1.6471
v 2.4079 1.2314 1.6471
v 2.4079 1.2314 1.5366
v 2.4079 0.7416 1.5366
v 2.4079 0.7416 1.5703
v 2.4079 1.2314 1.5703
v 2.4079 1.2314 1.4598
v 2.4079 0.7416 1.4598
v 2.4079 0.7416 1.4935
v 2.4079 1.2314 1.4935
v 2.4079 1.2314 1.3830
v 2.4079 0.7416 1.3830
v 2.4079 0.7416 1.4166
v 2.4079 1.2314 1.4166
v 2.4079 1.2314 1.3061
v 2.4079 0.7416 1.3061
v 2.4079 0.7416 1.3398
v 2.4079 1.2314 1.3398
v 2.4079 1.2314 1.2293
v 2.4079 0.7416 1.2293
v 2.4079 0.7416 1.2629
v 2.4079 1.2314 1.2629
v 2.4079 1.2314 1.1525
v 2.4079 0.7416 1.1525
v 2.4079 0.7416 1.1861
v 2.4079 1.2314 1.1861
v 2.4079 1.2314 1.0756
v 2.4079 0.7416 1.0756
v 2.4079 0.7416 1.1093
v 2.4079 1.2314 1.1093
v 2.4079 1.2314 0.9988
v 2.4079 0.7416 0.9988
v 2.4079 0.7416 1.0324
v 2.4079 1.2314 1.0324
v 2.4079 1.2314 0.9219
v 2.4079 0.7416 0.9219
v 2.4079 0.7416 0.9556
v 2.4079 1.2314 0.9556
v 2.4079 1.2314 0.8451
v 2.4079 0.7416 0.8451
v 2.4079 0.7416 0.8788
v 2.4079 1.2314 0.8788
v 2.4079 1.2314 0.7683
v 2.4079 0.7416 0.7683
v 2.4079 0.7416 0.8019
v 2.4079 1.2314 0.8019
v 2.4079 1.2314 0.6914
v 2.4079 0.7416 0.6914
v 2.4079 0.7416 0.7251
v 2.4079 1.2314 0.7251
v 2.4079 1.2314 0.6146
v 2.4079 0.7416 0.6146
v 2.4079 0.7416 0.6482
v 2.4079 1.2314 0.6482
v 2.4079 1.2314 0.5378
v 2.4079 0.7416 0.5378
v 2.4079 0.7416 0.5714
v 2.4079 1.2314 0.5714
v 2.4660 1.2314 1.6135
v 2.4660 1.2314 1.6471
v 2.4660 0.7416 1.6471
v 2.4660 0.7416 1.6135
v 2.4660 1.2314 1.5366
v 2.4660 1.2314 1.5703
v 2.4660 0.7416 1.5703
v 2.4660 0.7416 1.5366
v 2.4660 1.2314 1.4598
v 2.4660 1.2314 1.4935
v 2.4660 0.7416 1.4935
v 2.4660 0.7416 1.4598
v 2.4660 1.2314 1.3830
v 2.4660 1.2314 1.4166
v 2.4660 0.7416 1.4166
v 2.4660 0.7416 1.3830
v 2.4660 1.2314 1.3061
v 2.4660 1.2314 1.3398
v 2.4660 0.7416 1.3398
v 2.4660 0.7416 1.3061
v 2.4660 1.2314 1.2293
v 2.4660 1.2314 1.2629
v 2.4660 0.7416 1.2629
v 2.4660 0.7416 1.2293
v 2.4660 1.2314 1.1525
v 2.4660 1.2314 1.1861
v 2.4660 0.7416 1.1861
v 2.4660 0.7416 1.1525
v 2.4660 1.2314 1.0756
v 2.4660 1.2314 1.1093
v 2.4660 0.7416 1.1093
v 2.4660 0.7416 1.0756
v 2.4660 1.2314 0.9988
v 2.4660 1.2314 1.0324
v 2.4660 0.7416 1.0324
v 2.4660 0.7416 0.9988
v 2.4660 1.2314 0.9219
v 2.4660 1.2314 0.9556
v 2.4660 0.7416 0.9556
v 2.4660 0.7416 0.9219
v 2.4660 1.2314 0.8451
v 2.4660 1.2314 0.8788
v 2.4660 0.7416 0.8788
v 2.4660 0.7416 0.8451
v 2.4660 1.2314 0.7683
v 2.4660 1.2314 0.8019
v 2.4660 0.7416 0.8019
v 2.4660 0.7416 0.7683
v 2.4660 1.2314 0.6914
v 2.4660 1.2314 0.7251
v 2.4660 0.7416 0.7251
v 2.4660 0.7416 0.6914
v 2.4660 1.2314 0.6146
v 2.4660 1.2314 0.6482
v 2.4660 0.7416 0.6482
v 2.4660 0.7416 0.6146
v 2.4660 1.2314 0.5378
v 2.4660 1.2314 0.5714
v 2.4660 0.7416 0.5714
v 2.4660 0.7416 0.5378
v 2.4079 1.2927 1.7319
v 2.4079 1.2927 0.4729
v 2.4079 1.2314 0.4729
v 2.4079 1.2314 1.7319
v 2.4660 1.2314 1.7319
v 2.4660 1.2314 0.4729
v 2.4660 1.2927 0.4729
v 2.4660 1.2927 1.7319
v 2.4660 0.6843 1.7263
v 2.4660 0.6843 0.4718
v 2.4660 0.7416 0.4718
v 2.4660 0.7416 1.7263
v 2.4079 0.7416 1.7263
v 2.4079 0.7416 0.4718
v 2.4079 0.6843 0.4718
v 2.4079 0.6843 1.7263
v -0.0585 1.2314 1.8094
v -0.0585 0.7416 1.8094
v -0.0248 0.7416 1.8094
v -0.0248 1.2314 1.8094
v -0.1353 1.2314 1.8094
v -0.1353 0.7416 1.8094
v -0.1017 0.7416 1.8094
v -0.1017 1.2314 1.8094
v -0.2121 1.2314 1.8094
v -0.2121 0.7416 1.8094
v -0.1785 0.7416 1.8094
v -0.1785 1.2314 1.8094
v -0.2890 1.2314 1.8094
v -0.2890 0.7416 1.8094
v -0.2553 0.7416 1.8094
v -0.2553 1.2314 1.8094
v -0.3658 1.2314 1.8094
v -0.3658 0.7416 1.8094
v -0.3322 0.7416 1.8094
v -0.3322 1.2314 1.8094
v -0.4426 1.2314 1.8094
v -0.4426 0.7416 1.8094
v -0.4090 0.7416 1.8094
v -0.4090 1.2314 1.8094
v -0.5195 1.2314 1.8094
v -0.5195 0.7416 1.8094
v -0.4858 0.7416 1.8094
v -0.4858 1.2314 1.8094
v -0.5963 1.2314 1.8094
v -0.5963 0.7416 1.8094
v -0.5627 0.7416 1.8094
v -0.5627 1.2314 1.8094
v -0.6732 1.2314 1.8094
v -0.6732 0.7416 1.8094
v -0.6395 0.7416 1.8094
v -0.6395 1.2314 1.8094
v -0.7500 1.2314 1.8094
v -0.7500 0.7416 1.8094
v -0.7164 0.7416 1.8094
v -0.7164 1.2314 1.8094
v -0.8268 1.2314 1.8094
v -0.8268 0.7416 1.8094
v -0.7932 0.7416 1.8094
v -0.7932 1.2314 1.8094
v -0.9037 1.2314 1.8094
v -0.9037 0.7416 1.8094
v -0.8700 0.7416 1.8094
v -0.8700 1.2314 1.8094
v -0.0585 1.2314 1.7512
v -0.0248 1.2314 1.7512
v -0.0248 0.7416 1.7512
v -0.0585 0.7416 1.7512
v -0.1353 1.2314 1.7512
v -0.1017 1.2314 1.7512
v -0.1017 0.7416 1.7512
v -0.1353 0.7416 1.7512
v -0.2121 1.2314 1.7512
v -0.1785 1.2314 1.7512
v -0.1785 0.7416 1.7512
v -0.2121 0.7416 1.7512
v -0.2890 1.2314 1.7512
v -0.2553 1.2314 1.7512
v -0.2553 0.7416 1.7512
v -0.2890 0.7416 1.7512
v -0.3658 1.2314 1.7512
v -0.3322 1.2314 1.7512
v -0.3322 0.7416 1.7512
v -0.3658 0.7416 1.7512
v -0.4426 1.2314 1.7512
v -0.4090 1.2314 1.7512
v -0.4090 0.7416 1.7512
v -0.4426 0.7416 1.7512
v -0.5195 1.2314 1.7512
v -0.4858 1.2314 1.7512
v -0.4858 0.7416 1.7512
v -0.5195 0.7416 1.7512
v -0.5963 1.2314 1.7512
v -0.5627 1.2314 1.7512
v -0.5627 0.7416 1.7512
v -0.5963 0.7416 1.7512
v -0.6732 1.2314 1.7512
v -0.6395 1.2314 1.7512
v -0.6395 0.7416 1.7512
v -0.6732 0.7416 1.7512
v -0.7500 1.2314 1.7512
v -0.7164 1.2314 1.7512
v -0.7164 0.7416 1.7512
v -0.7500 0.7416 1.7512
v -0.8268 1.2314 1.7512
v -0.7932 1.2314 1.7512
v -0.7932 0.7416 1.7512
v -0.8268 0.7416 1.7512
v -0.9037 1.2314 1.7512
v -0.8700 1.2314 1.7512
v -0.8700 0.7416 1.7512
v -0.9037 0.7416 1.7512
v -0.9534 1.2927 1.8094
v 0.9379 1.2927 1.8094
v 0.9379 1.2927 1.7512
v -0.9534 1.2927 1.7512
v -0.9534 1.2314 1.7512
v 0.9379 1.2314 1.7512
v 0.9379 1.2314 1.8094
v -0.9534 1.2314 1.8094
v 0.0429 1.2314 1.8094
v 0.0093 1.2314 1.8094
v 0.0093 0.7416 1.8094
v 0.0429 0.7416 1.8094
v 0.1198 1.2314 1.8094
v 0.0861 1.2314 1.8094
v 0.0861 0.7416 1.8094
v 0.1198 0.7416 1.8094
v 0.1966 1.2314 1.8094
v 0.1630 1.2314 1.8094
v 0.1630 0.7416 1.8094
v 0.1966 0.7416 1.8094
v 0.2735 1.2314 1.8094
v 0.2398 1.2314 1.8094
v 0.2398 0.7416 1.8094
v 0.2735 0.7416 1.8094
v 0.3503 1.2314 1.8094
v 0.3167 1.2314 1.8094
v 0.3167 0.7416 1.8094
v 0.3503 0.7416 1.8094
v 0.4271 1.2314 1.8094
v 0.3935 1.2314 1.8094
v 0.3935 0.7416 1.8094
v 0.4271 0.7416 1.8094
v 0.5040 1.2314 1.8094
v 0.4703 1.2314 1.8094
v 0.4703 0.7416 1.8094
v 0.5040 0.7416 1.8094
v 0.5808 1.2314 1.8094
v 0.5472 1.2314 1.8094
v 0.5472 0.7416 1.8094
v 0.5808 0.7416 1.8094
v 0.6576 1.2314 1.8094
v 0.6240 1.2314 1.8094
v 0.6240 0.7416 1.8094
v 0.6576 0.7416 1.8094
v 0.7345 1.2314 1.8094
v 0.7008 1.2314 1.8094
v 0.7008 0.7416 1.8094
v 0.7345 0.7416 1.8094
v 0.8113 1.2314 1.8094
v 0.7777 1.2314 1.8094
v 0.7777 0.7416 1.8094
v 0.8113 0.7416 1.8094
v 0.8882 1.2314 1.8094
v 0.8545 1.2314 1.8094
v 0.8545 0.7416 1.8094
v 0.8882 0.7416 1.8094
v 0.0429 1.2314 1.7512
v 0.0429 0.7416 1.7512
v 0.0093 0.7416 1.7512
v 0.0093 1.2314 1.7512
v 0.1198 1.2314 1.7512
v 0.1198 0.7416 1.7512
v 0.0861 0.7416 1.7512
v 0.0861 1.2314 1.7512
v 0.1966 1.2314 1.7512
v 0.1966 0.7416 1.7512
v 0.1630 0.7416 1.7512
v 0.1630 1.2314 1.7512
v 0.2735 1.2314 1.7512
v 0.2735 0.7416 1.7512
v 0.2398 0.7416 1.7512
v 0.2398 1.2314 1.7512
v 0.3503 1.2314 1.7512
v 0.3503 0.7416 1.7512
v 0.3167 0.7416 1.7512
v 0.3167 1.2314 1.7512
v 0.4271 1.2314 1.7512
v 0.4271 0.7416 1.7512
v 0.3935 0.7416 1.7512
v 0.3935 1.2314 1.7512
v 0.5040 1.2314 1.7512
v 0.5040 0.7416 1.7512
v 0.4703 0.7416 1.7512
v 0.4703 1.2314 1.7512
v 0.5808 1.2314 1.7512
v 0.5808 0.7416 1.7512
v 0.5472 0.7416 1.7512
v 0.5472 1.2314 1.7512
v 0.6576 1.2314 1.7512
v 0.6576 0.7416 1.7512
v 0.6240 0.7416 1.7512
v 0.6240 1.2314 1.7512
v 0.7345 1.2314 1.7512
v 0.7345 0.7416 1.7512
v 0.7008 0.7416 1.7512
v 0.7008 1.2314 1.7512
v 0.8113 1.2314 1.7512
v 0.8113 0.7416 1.7512
v 0.7777 0.7416 1.7512
v 0.7777 1.2314 1.7512
v 0.8882 1.2314 1.7512
v 0.8882 0.7416 1.7512
v 0.8545 0.7416 1.7512
v 0.8545 1.2314 1.7512
v -0.9545 0.6843 1.7512
v 0.9390 0.6843 1.7512
v 0.9390 0.6843 1.8094
v -0.9545 0.6843 1.8094
v -0.9545 0.7416 1.8094
v 0.9390 0.7416 1.8094
v 0.9390 0.7416 1.7512
v -0.9545 0.7416 1.7512
v -1.5742 2.0918 0.4096
v -1.5742 0.6546 0.4096
v -1.5742 0.6546 0.5033
v -1.5742 0.5482 0.5377
v -1.5742 2.0918 0.5377
v -2.1974 0.6546 0.5033
v -2.1974 2.0918 0.5377
v -2.1974 2.0918 0.4096
v -2.2916 0.5920 0.5377
v -2.2916 2.2426 0.5377
v -2.1974 0.6546 0.4096
v -2.1974 0.5482 0.5377
v -1.4800 0.5920 0.5377
v -1.4800 2.2426 0.5377
v 1.5742 2.0918 0.4096
v 1.5742 2.0918 0.5377
v 1.5742 0.5482 0.5377
v 1.5742 0.6546 0.5033
v 1.5742 0.6546 0.4096
v 2.1974 0.6546 0.5033
v 2.1974 2.0918 0.4096
v 2.1974 2.0918 0.5377
v 2.2916 2.2426 0.5377
v 2.2916 0.5920 0.5377
v 2.1974 0.6546 0.4096
v 2.1974 0.5482 0.5377
v 1.4800 2.2426 0.5377
v 1.4800 0.5920 0.5377
v 1.5762 4.6774 0.4539
v 1.2592 4.6774 0.4539
v 1.2592 4.6774 0.4345
v 1.5762 4.6774 0.4345
v 1.2220 4.7146 0.4539
v 1.6135 4.7146 0.4539
v 1.6135 4.7146 0.4147
v 1.2220 4.7146 0.4147
v 1.6135 4.3231 0.4539
v 1.2220 4.3231 0.4539
v 1.2220 4.3231 0.4147
v 1.6135 4.3231 0.4147
v 1.5762 4.3604 0.4539
v 1.2592 4.3604 0.4539
v 1.5762 4.3604 0.4345
v 1.2592 4.3604 0.4345
v 1.2592 4.5236 0.4487
v 1.5762 4.5236 0.4487
v 1.5762 4.5236 0.4339
v 1.2592 4.5236 0.4339
v 1.2592 4.5142 0.4487
v 1.2592 4.5142 0.4339
v 1.5762 4.5142 0.4339
v 1.5762 4.5142 0.4487
v -1.1671 4.6774 0.4539
v -1.4841 4.6774 0.4539
v -1.4841 4.6774 0.4345
v -1.1671 4.6774 0.4345
v -1.5213 4.7146 0.4539
v -1.1298 4.7146 0.4539
v -1.1298 4.7146 0.4147
v -1.5213 4.7146 0.4147
v -1.1298 4.3231 0.4539
v -1.5213 4.3231 0.4539
v -1.5213 4.3231 0.4147
v -1.1298 4.3231 0.4147
v -1.1671 4.3604 0.4539
v -1.4841 4.3604 0.4539
v -1.1671 4.3604 0.4345
v -1.4841 4.3604 0.4345
v -1.4841 4.5236 0.4487
v -1.1671 4.5236 0.4487
v -1.1671 4.5236 0.4339
v -1.4841 4.5236 0.4339
v -1.4841 4.5142 0.4487
v -1.4841 4.5142 0.4339
v -1.1671 4.5142 0.4339
v -1.1671 4.5142 0.4487
v -0.6698 1.7703 1.1386
v -0.1369 1.7703 1.1386
v -0.1369 1.7703 1.0813
v -0.6698 1.7703 1.0813
v -0.6698 1.7388 1.1386
v -0.1369 1.7388 1.1386
v -0.1369 1.7388 1.0813
v -0.6698 1.7388 1.0813
v -0.2873 1.7549 1.1386
v -0.2873 1.2221 1.1386
v -0.2873 1.2221 1.0813
v -0.2873 1.7549 1.0813
v -0.3187 1.7549 1.1386
v -0.3187 1.7549 1.0813
v -0.3187 1.2221 1.0813
v -0.3187 1.2221 1.1386
v -0.4749 1.7549 1.1386
v -0.4749 1.2221 1.1386
v -0.4749 1.2221 1.0813
v -0.4749 1.7549 1.0813
v -0.5063 1.7549 1.1386
v -0.5063 1.7549 1.0813
v -0.5063 1.2221 1.0813
v -0.5063 1.2221 1.1386
v -1.3084 1.7703 0.7897
v -0.8694 1.7703 1.0916
v -0.8369 1.7703 1.0444
v -1.2760 1.7703 0.7425
v -1.3084 1.7388 0.7897
v -1.2760 1.7388 0.7425
v -0.8369 1.7388 1.0444
v -0.8694 1.7388 1.0916
v -0.9933 1.7549 1.0064
v -0.9933 1.2221 1.0064
v -0.9609 1.2221 0.9592
v -0.9609 1.7549 0.9592
v -1.0192 1.7549 0.9886
v -0.9868 1.7549 0.9414
v -0.9868 1.2221 0.9414
v -1.0192 1.2221 0.9886
v -1.1479 1.7549 0.9001
v -1.1479 1.2221 0.9001
v -1.1154 1.2221 0.8529
v -1.1154 1.7549 0.8529
v -1.1737 1.7549 0.8823
v -1.1413 1.7549 0.8351
v -1.1413 1.2221 0.8351
v -1.1737 1.2221 0.8823
v -0.1369 2.2657 1.1616
v -0.6698 2.2657 1.1616
v -0.6698 2.2657 1.0583
v -0.1369 2.2657 1.0583
v -1.2865 1.2312 0.8372
v -0.9113 1.2312 1.0909
v -0.8535 1.2312 1.0053
v -1.2287 1.2312 0.7516
v -0.8330 1.1697 1.1438
v -0.8330 2.3995 1.1438
v -0.8523 2.3995 1.1723
v -0.8523 1.1697 1.1723
v -1.3649 1.1697 0.7843
v -1.3841 1.1697 0.8128
v -0.9113 2.2657 1.0909
v -0.9306 1.2312 1.1194
v -0.9306 2.2657 1.1194
v -1.3058 1.2312 0.8657
v -0.0344 1.1697 1.1616
v -0.0344 2.3995 1.1616
v -0.0344 2.3995 1.1960
v -0.0344 1.1697 1.1960
v -0.1369 2.2657 1.1960
v -0.6698 2.2657 1.1960
v -0.7723 2.3995 1.1616
v -0.7723 2.3995 1.1960
v -0.6698 1.2312 1.1616
v -0.6698 1.2312 1.1960
v -0.8535 2.2657 1.0053
v -1.2287 2.2657 0.7516
v -1.2865 2.2657 0.8372
v -0.6698 1.2312 1.0583
v -0.1369 1.2312 1.0583
v -0.1369 1.2312 1.1616
v -1.3058 2.2657 0.8657
v -1.3841 2.3995 0.8128
v -1.3649 2.3995 0.7843
v -0.1369 1.2312 1.1960
v -0.7723 1.1697 1.1960
v -0.7723 1.1697 1.1616
v 0.6698 1.7703 1.1386
v 0.6698 1.7703 1.0813
v 0.1369 1.7703 1.0813
v 0.1369 1.7703 1.1386
v 0.6698 1.7388 1.1386
v 0.6698 1.7388 1.0813
v 0.1369 1.7388 1.0813
v 0.1369 1.7388 1.1386
v 0.2874 1.7549 1.1386
v 0.2874 1.7549 1.0813
v 0.2874 1.2221 1.0813
v 0.2874 1.2221 1.1386
v 0.3187 1.7549 1.1386
v 0.3187 1.2221 1.1386
v 0.3187 1.2221 1.0813
v 0.3187 1.7549 1.0813
v 0.4749 1.7549 1.1386
v 0.4749 1.7549 1.0813
v 0.4749 1.2221 1.0813
v 0.4749 1.2221 1.1386
v 0.5063 1.7549 1.1386
v 0.5063 1.2221 1.1386
v 0.5063 1.2221 1.0813
v 0.5063 1.7549 1.0813
v 1.3084 1.7703 0.7897
v 1.2760 1.7703 0.7425
v 0.8370 1.7703 1.0444
v 0.8694 1.7703 1.0916
v 1.3084 1.7388 0.7897
v 0.8694 1.7388 1.0916
v 0.8370 1.7388 1.0444
v 1.2760 1.7388 0.7425
v 0.9933 1.7549 1.0064
v 0.9609 1.7549 0.9592
v 0.9609 1.2221 0.9592
v 0.9933 1.2221 1.0064
v 1.0192 1.7549 0.9886
v 1.0192 1.2221 0.9886
v 0.9868 1.2221 0.9414
v 0.9868 1.7549 0.9414
v 1.1479 1.7549 0.9001
v 1.1154 1.7549 0.8529
v 1.1154 1.2221 0.8529
v 1.1479 1.2221 0.9001
v 1.1737 1.7549 0.8823
v 1.1737 1.2221 0.8823
v 1.1413 1.2221 0.8351
v 1.1413 1.7549 0.8351
v 0.1369 2.2657 1.1616
v 0.1369 2.2657 1.0583
v 0.6698 2.2657 1.0583
v 0.6698 2.2657 1.1616
v 1.2865 1.2312 0.8372
v 1.2287 1.2312 0.7516
v 0.8535 1.2312 1.0053
v 0.9113 1.2312 1.0909
v 0.8330 1.1697 1.1438
v 0.8523 1.1697 1.1723
v 0.8523 2.3995 1.1723
v 0.8330 2.3995 1.1438
v 1.3649 1.1697 0.7843
v 1.3841 1.1697 0.8128
v 0.9113 2.2657 1.0909
v 0.9306 2.2657 1.1194
v 0.9306 1.2312 1.1194
v 1.3058 1.2312 0.8657
v 0.0344 1.1697 1.1616
v 0.0344 1.1697 1.1960
v 0.0344 2.3995 1.1960
v 0.0344 2.3995 1.1616
v 0.6698 2.2657 1.1960
v 0.1369 2.2657 1.1960
v 0.7723 2.3995 1.1960
v 0.7723 2.3995 1.1616
v 0.6698 1.2312 1.1616
v 0.6698 1.2312 1.1960
v 0.8535 2.2657 1.0053
v 1.2287 2.2657 0.7516
v 1.2865 2.2657 0.8372
v 0.1369 1.2312 1.0583
v 0.6698 1.2312 1.0583
v 0.1369 1.2312 1.1616
v 1.3841 2.3995 0.8128
v 1.3058 2.2657 0.8657
v 1.3649 2.3995 0.7843
v 0.1369 1.2312 1.1960
v 0.7723 1.1697 1.1960
v 0.7723 1.1697 1.1616
v -2.5117 1.7209 -2.1114
v -2.5117 1.7209 0.0316
v -2.4569 1.7209 0.0316
v -2.4569 1.7209 -2.1114
v -2.5117 1.6841 -2.1114
v -2.4569 1.6841 -2.1114
v -2.4569 1.6841 0.0316
v -2.5117 1.6841 0.0316
v -2.5117 1.7022 -0.2679
v -2.5117 1.1271 -0.2679
v -2.4569 1.1271 -0.2679
v -2.4569 1.7022 -0.2679
v -2.5117 1.7022 -0.3048
v -2.4569 1.7022 -0.3048
v -2.4569 1.1271 -0.3048
v -2.5117 1.1271 -0.3048
v -2.5117 1.7022 -0.5403
v -2.5117 1.1271 -0.5403
v -2.4569 1.1271 -0.5403
v -2.4569 1.7022 -0.5403
v -2.5117 1.7022 -0.5771
v -2.4569 1.7022 -0.5771
v -2.4569 1.1271 -0.5771
v -2.5117 1.1271 -0.5771
v -2.5117 1.7022 -1.4874
v -2.5117 1.1271 -1.4874
v -2.4569 1.1271 -1.4874
v -2.4569 1.7022 -1.4874
v -2.5117 1.7022 -1.5242
v -2.4569 1.7022 -1.5242
v -2.4569 1.1271 -1.5242
v -2.5117 1.1271 -1.5242
v -2.5117 1.7022 -1.7598
v -2.5117 1.1271 -1.7598
v -2.4569 1.1271 -1.7598
v -2.4569 1.7022 -1.7598
v -2.5117 1.7022 -1.7966
v -2.4569 1.7022 -1.7966
v -2.4569 1.1271 -1.7966
v -2.5117 1.1271 -1.7966
v -2.4300 2.2305 -0.0526
v -2.5547 2.2305 -0.0526
v -2.5547 2.2305 -0.8307
v -2.4300 2.2305 -0.8307
v -2.4300 2.2305 -1.2609
v -2.5547 2.2305 -1.2609
v -2.5547 2.2305 -2.0390
v -2.4300 2.2305 -2.0390
v -2.5547 1.0690 -0.9442
v -2.5547 2.3156 -0.9442
v -2.5547 1.0690 0.0609
v -2.5547 2.3156 0.0609
v -2.5547 1.0690 -1.1474
v -2.5547 1.0690 -2.1525
v -2.4300 1.1541 -2.0390
v -2.4300 1.1541 -1.2609
v -2.4300 1.1541 -0.8307
v -2.4300 1.1541 -0.0526
v -2.5547 1.1541 -0.8307
v -2.5547 1.1541 -0.0526
v -2.5547 1.1541 -2.0390
v -2.5547 1.1541 -1.2609
v -2.5547 2.3156 -2.1525
v -2.5547 2.3156 -1.1474
v 2.5117 1.7209 -2.1114
v 2.4569 1.7209 -2.1114
v 2.4569 1.7209 0.0316
v 2.5117 1.7209 0.0316
v 2.5117 1.6841 -2.1114
v 2.5117 1.6841 0.0316
v 2.4569 1.6841 0.0316
v 2.4569 1.6841 -2.1114
v 2.5117 1.7022 -0.2679
v 2.4569 1.7022 -0.2679
v 2.4569 1.1271 -0.2679
v 2.5117 1.1271 -0.2679
v 2.5117 1.7022 -0.3048
v 2.5117 1.1271 -0.3048
v 2.4569 1.1271 -0.3048
v 2.4569 1.7022 -0.3048
v 2.5117 1.7022 -0.5403
v 2.4569 1.7022 -0.5403
v 2.4569 1.1271 -0.5403
v 2.5117 1.1271 -0.5403
v 2.5117 1.7022 -0.5771
v 2.5117 1.1271 -0.5771
v 2.4569 1.1271 -0.5771
v 2.4569 1.7022 -0.5771
v 2.5117 1.7022 -1.4874
v 2.4569 1.7022 -1.4874
v 2.4569 1.1271 -1.4874
v 2.5117 1.1271 -1.4874
v 2.5117 1.7022 -1.5242
v 2.5117 1.1271 -1.5242
v 2.4569 1.1271 -1.5242
v 2.4569 1.7022 -1.5242
v 2.5117 1.7022 -1.7598
v 2.4569 1.7022 -1.7598
v 2.4569 1.1271 -1.7598
v 2.5117 1.1271 -1.7598
v 2.5117 1.7022 -1.7966
v 2.5117 1.1271 -1.7966
v 2.4569 1.1271 -1.7966
v 2.4569 1.7022 -1.7966
v 2.4300 2.2305 -0.0526
v 2.4300 2.2305 -0.8307
v 2.5547 2.2305 -0.8307
v 2.5547 2.2305 -0.0526
v 2.4300 2.2305 -1.2609
v 2.4300 2.2305 -2.0390
v 2.5547 2.2305 -2.0390
v 2.5547 2.2305 -1.2609
v 2.5547 2.3156 -0.9442
v 2.5547 1.0690 -0.9442
v 2.5547 1.0690 0.0609
v 2.5547 2.3156 0.0609
v 2.5547 1.0690 -2.1525
v 2.5547 1.0690 -1.1474
v 2.4300 1.1541 -1.2609
v 2.4300 1.1541 -2.0390
v 2.4300 1.1541 -0.0526
v 2.4300 1.1541 -0.8307
v 2.5547 1.1541 -0.0526
v 2.5547 1.1541 -0.8307
v 2.5547 1.1541 -1.2609
v 2.5547 1.1541 -2.0390
v 2.5547 2.3156 -2.1525
v 2.5547 2.3156 -1.1474
v -2.5696 3.7023 -1.0239
v -2.5486 3.7023 -1.0239
v -2.5486 2.8447 -1.0239
v -2.5696 2.8447 -1.0239
v -2.5352 2.8273 -1.2992
v -2.5352 2.8273 -0.7305
v -2.5791 2.8273 -0.7305
v -2.5791 2.8273 -1.2992
v -2.5469 2.8766 -1.2335
v -2.5791 2.8766 -1.2335
v -2.5791 2.8766 -0.7962
v -2.5469 2.8766 -0.7962
v -2.5352 3.7361 -1.2992
v -2.5791 3.7361 -1.2992
v -2.5469 3.6868 -1.2335
v -2.5469 3.6868 -0.7962
v -2.5791 3.6868 -0.7962
v -2.5791 3.6868 -1.2335
v -2.5696 3.2825 -1.2335
v -2.5696 3.2825 -0.7962
v -2.5486 3.2825 -0.7962
v -2.5486 3.2825 -1.2335
v -2.5696 3.2644 -1.2335
v -2.5486 3.2644 -1.2335
v -2.5486 3.2644 -0.7962
v -2.5696 3.2644 -0.7962
v -2.5791 3.7361 -0.7305
v -2.5352 3.7361 -0.7305
v -2.5696 3.7023 -1.0058
v -2.5696 2.8447 -1.0058
v -2.5486 2.8447 -1.0058
v -2.5486 3.7023 -1.0058
v 2.5696 3.7023 -1.0239
v 2.5696 2.8447 -1.0239
v 2.5486 2.8447 -1.0239
v 2.5486 3.7023 -1.0239
v 2.5352 2.8273 -1.2992
v 2.5791 2.8273 -1.2992
v 2.5791 2.8273 -0.7305
v 2.5352 2.8273 -0.7305
v 2.5469 2.8766 -1.2335
v 2.5469 2.8766 -0.7962
v 2.5791 2.8766 -0.7962
v 2.5791 2.8766 -1.2335
v 2.5352 3.7361 -1.2992
v 2.5791 3.7361 -1.2992
v 2.5469 3.6868 -1.2335
v 2.5469 3.6868 -0.7962
v 2.5791 3.6868 -0.7962
v 2.5791 3.6868 -1.2335
v 2.5696 3.2825 -1.2335
v 2.5486 3.2825 -1.2335
v 2.5486 3.2825 -0.7962
v 2.5696 3.2825 -0.7962
v 2.5696 3.2644 -1.2335
v 2.5696 3.2644 -0.7962
v 2.5486 3.2644 -0.7962
v 2.5486 3.2644 -1.2335
v 2.5791 3.7361 -0.7305
v 2.5352 3.7361 -0.7305
v 2.5696 3.7023 -1.0058
v 2.5486 3.7023 -1.0058
v 2.5486 2.8447 -1.0058
v 2.5696 2.8447 -1.0058
v 0.9353 4.0928 0.2588
v 0.9353 3.1192 0.2588
v 1.9664 3.1192 0.2588
v 1.9664 4.0928 0.2588
v 0.8820 3.6275 0.2760
v 1.9105 3.6275 0.2760
v 1.9105 3.6275 0.2455
v 0.8820 3.6275 0.2455
v 0.8820 3.5925 0.2760
v 0.8820 3.5925 0.2455
v 1.9105 3.5925 0.2455
v 1.9105 3.5925 0.2760
v 1.5197 4.0928 0.3173
v 1.5197 4.0928 0.2484
v 1.8915 4.0928 0.2484
v 1.8915 4.0928 0.3173
v 0.9353 3.1192 0.3173
v 0.9353 3.1192 0.2484
v 0.9353 4.0928 0.2484
v 0.9353 4.0928 0.3173
v 1.3072 3.1192 0.3173
v 1.3072 3.1192 0.2484
v 1.8915 3.1192 0.2484
v 1.8915 3.1192 0.3173
v 1.5197 3.1192 0.3173
v 1.5197 3.1192 0.2484
v 1.3072 4.0928 0.3173
v 1.3072 4.0928 0.2484
v 1.4669 4.1311 0.3173
v 1.9443 4.1311 0.3173
v 1.9443 4.1311 0.2484
v 1.4669 4.1311 0.2484
v 0.8825 3.0809 0.3173
v 0.8825 4.1311 0.3173
v 0.8825 4.1311 0.2484
v 0.8825 3.0809 0.2484
v 1.3600 3.0809 0.2484
v 1.3600 3.0809 0.3173
v 1.9443 3.0809 0.3173
v 1.9443 3.0809 0.2484
v 1.4669 3.0809 0.3173
v 1.4669 3.0809 0.2484
v 1.3600 4.1311 0.2484
v 1.3600 4.1311 0.3173
v -1.8080 4.0928 0.2588
v -1.8080 3.1192 0.2588
v -0.7770 3.1192 0.2588
v -0.7770 4.0928 0.2588
v -1.8614 3.6275 0.2760
v -0.8328 3.6275 0.2760
v -0.8328 3.6275 0.2455
v -1.8614 3.6275 0.2455
v -1.8614 3.5925 0.2760
v -1.8614 3.5925 0.2455
v -0.8328 3.5925 0.2455
v -0.8328 3.5925 0.2760
v -1.2237 4.0928 0.3173
v -1.2237 4.0928 0.2484
v -0.8518 4.0928 0.2484
v -0.8518 4.0928 0.3173
v -1.8080 3.1192 0.3173
v -1.8080 3.1192 0.2484
v -1.8080 4.0928 0.2484
v -1.8080 4.0928 0.3173
v -1.4362 3.1192 0.3173
v -1.4362 3.1192 0.2484
v -0.8518 3.1192 0.2484
v -0.8518 3.1192 0.3173
v -1.2237 3.1192 0.3173
v -1.2237 3.1192 0.2484
v -1.4362 4.0928 0.3173
v -1.4362 4.0928 0.2484
v -1.2765 4.1311 0.3173
v -0.7990 4.1311 0.3173
v -0.7990 4.1311 0.2484
v -1.2765 4.1311 0.2484
v -1.8608 3.0809 0.3173
v -1.8608 4.1311 0.3173
v -1.8608 4.1311 0.2484
v -1.8608 3.0809 0.2484
v -1.3834 3.0809 0.2484
v -1.3834 3.0809 0.3173
v -0.7990 3.0809 0.3173
v -0.7990 3.0809 0.2484
v -1.2765 3.0809 0.3173
v -1.2765 3.0809 0.2484
v -1.3834 4.1311 0.2484
v -1.3834 4.1311 0.3173
v 0.3604 4.2973 -1.0649
v 0.3604 4.2973 0.5411
v 1.4134 5.0767 0.5411
v 1.4134 5.0767 -1.0507
v 2.4665 4.2973 0.5411
v 2.4665 4.2973 -1.0649
v 0.4347 4.2446 -1.0649
v 1.4134 4.9689 -1.0507
v 1.4134 4.9689 0.5411
v 0.4347 4.2446 0.5411
v 2.3922 4.2446 0.5411
v 2.3922 4.2446 -1.0649
v -2.3830 4.2973 -1.0649
v -2.3830 4.2973 0.5411
v -1.3299 5.0767 0.5411
v -1.3299 5.0767 -1.0507
v -0.2769 4.2973 0.5411
v -0.2769 4.2973 -1.0649
v -2.3087 4.2446 -1.0649
v -1.3299 4.9689 -1.0507
v -1.3299 4.9689 0.5411
v -2.3087 4.2446 0.5411
v -0.3512 4.2446 0.5411
v -0.3512 4.2446 -1.0649
v -2.5994 2.5590 0.4501
v 2.5994 2.5590 0.4501
v 2.5994 2.5963 0.5530
v -2.5994 2.5963 0.5530
v 2.5994 2.5211 -2.6902
v 2.5994 2.4611 -2.6009
v -2.5994 2.4611 -2.6009
v -2.5994 2.5211 -2.6902
v 2.5994 4.8859 -1.0458
v -2.5994 4.8859 -1.0458
v 2.5994 5.0833 -1.0458
v -2.5994 5.0833 -1.0458
v -2.5386 2.5347 1.9183
v -2.5386 2.5347 0.5033
v -2.5386 2.4577 1.9183
v 2.5864 2.5566 1.9740
v -2.5864 2.5566 1.9740
v 2.5386 2.5347 1.9183
v -2.5864 2.5566 0.5059
v -2.5864 2.5892 1.9740
v -2.5864 2.5892 0.5059
v 2.5386 2.4577 1.9183
v -2.5386 2.5892 0.5033
v -2.5386 2.5892 1.9244
v -2.5386 3.0901 0.1036
v 2.5864 2.5892 1.9740
v 2.5864 2.5892 0.5059
v 2.5386 2.5347 0.5033
v 2.5864 2.5566 0.5059
v 2.5386 2.5892 0.5033
v 2.5386 3.0901 0.1036
v 2.5386 2.5892 1.9244
v 2.2015 3.0057 -0.9556
v 2.2015 4.1480 -0.9556
v 2.2015 4.1480 0.2905
v 2.2015 3.0057 0.2905
v 0.6254 3.0057 0.2905
v 0.6254 4.1480 0.2905
v 0.6254 4.1480 -0.9556
v 0.6254 3.0057 -0.9556
v 0.4887 4.1989 0.4327
v 0.4887 4.1989 -1.0064
v 2.3382 4.1989 -1.0064
v 2.3382 4.1989 0.4327
v 0.4887 4.2973 0.4327
v 2.3382 4.2973 0.4327
v 1.4134 4.9726 0.4340
v 0.4887 4.2973 -1.0064
v 2.3382 4.2973 -1.0064
v 1.4134 4.1480 0.2905
v 1.5197 4.0928 0.2905
v 1.8915 4.0928 0.2905
v 1.5197 3.1192 0.2905
v 1.4134 3.0057 0.2905
v 1.8915 3.1192 0.2905
v 0.9353 4.0928 0.2905
v 1.3072 4.0928 0.2905
v 0.9353 3.1192 0.2905
v 1.3072 3.1192 0.2905
v -0.5419 3.0057 -0.9556
v -0.5419 4.1480 -0.9556
v -0.5419 4.1480 0.2905
v -0.5419 3.0057 0.2905
v -2.1180 3.0057 0.2905
v -2.1180 4.1480 0.2905
v -2.1180 4.1480 -0.9556
v -2.1180 3.0057 -0.9556
v -2.2547 4.1989 0.4327
v -2.2547 4.1989 -1.0064
v -0.4052 4.1989 -1.0064
v -0.4052 4.1989 0.4327
v -2.2547 4.2973 0.4327
v -0.4052 4.2973 0.4327
v -1.3299 4.9726 0.4340
v -2.2547 4.2973 -1.0064
v -0.4052 4.2973 -1.0064
v -1.3299 4.1480 0.2905
v -1.2237 4.0928 0.2905
v -0.8518 4.0928 0.2905
v -1.2237 3.1192 0.2905
v -1.3299 3.0057 0.2905
v -0.8518 3.1192 0.2905
v -1.8080 4.0928 0.2905
v -1.4362 4.0928 0.2905
v -1.8080 3.1192 0.2905
v -1.4362 3.1192 0.2905
v 2.5646 0.6288 -2.6720
v 2.5646 0.0020 -2.6720
v -2.5646 0.0020 -2.6720
v -2.5646 0.6288 -2.6720
v -2.5646 0.0020 1.9252
v -2.5646 0.6288 1.9252
v 2.5646 0.6288 1.9252
v 2.5646 0.0020 1.9252
v -1.3911 2.5566 0.5033
v -1.3911 0.4911 0.7665
v -1.3911 2.5566 0.7665
v -0.8067 0.4911 1.1616
v -0.8067 2.5566 1.1616
v 0.0000 0.4911 1.1616
v 0.0000 2.5566 1.1616
v 0.8067 0.4911 1.1616
v 1.3911 2.5566 0.5033
v 1.3911 2.5566 0.7665
v 1.3911 0.4911 0.7665
v 0.8067 2.5566 1.1616
vn 0.0000 0.8944 0.4472
vn 0.0000 0.4472 0.8944
vn 0.0000 1.0000 0.0000
vn 0.0000 1.0000 0.0000
vn 0.0000 0.0000 1.0000
vn 0.0000 0.7071 0.7071
vn 0.0000 0.7071 0.7071
vn 0.0000 0.0000 1.0000
vn 0.0000 0.7071 0.7071
vn 0.0000 0.7071 0.7071
vn 0.0000 0.8944 0.4472
vn 0.0000 0.7071 0.7071
vn 0.0000 0.7071 0.7071
vn 0.0000 0.7071 0.7071
vn 0.0000 0.4472 0.8944
vn 0.0000 0.7071 0.7071
vn 0.0000 0.7071 0.7071
vn 0.0000 0.7071 0.7071
vn 0.0000 0.8944 0.4472
vn 0.0000 0.4472 0.8944
vn 0.0000 1.0000 0.0000
vn 0.0000 1.0000 0.0000
vn 0.0000 0.0000 1.0000
vn 0.0000 0.7071 0.7071
vn 0.0000 0.7071 0.7071
vn 0.0000 0.0000 1.0000
vn 0.0000 0.7071 0.7071
vn 0.0000 0.7071 0.7071
vn 0.0000 0.8944 0.4472
vn 0.0000 0.7071 0.7071
vn 0.0000 0.7071 0.7071
vn 0.0000 0.7071 0.7071
vn 0.0000 0.4472 0.8944
vn 0.0000 0.7071 0.7071
vn 0.0000 0.7071 0.7071
vn 0.0000 0.7071 0.7071
vn -0.9487 0.0000 -0.3162
vn -1.0000 0.0000 0.0000
vn -1.0000 0.0000 0.0000
vn -0.8729 0.2182 -0.4364
vn -0.8729 0.4364 0.2182
vn -0.8729 -0.4364 -0.2182
vn -0.8575 0.0000 0.5145
vn -0.6667 -0.3333 0.6667
vn -0.8018 -0.5345 -0.2673
vn -0.9487 0.0000 -0.3162
vn -0.8729 -0.2182 0.4364
vn -0.8018 0.5345 0.2673
vn -0.6667 0.3333 -0.6667
vn 0.5774 0.5774 0.5774
vn 0.5547 0.0000 0.8321
vn -0.7071 0.0000 0.7071
vn 0.0000 0.0000 1.0000
vn -0.4851 0.4851 0.7276
vn -0.4851 -0.4851 0.7276
vn -0.1961 0.0000 0.9806
vn 0.9864 0.0000 -0.1644
vn 1.0000 0.0000 0.0000
vn 1.0000 0.0000 0.0000
vn 0.8729 0.2182 -0.4364
vn 0.8729 0.4364 0.2182
vn 0.8729 -0.4364 -0.2182
vn 0.6667 -0.3333 0.6667
vn 0.8575 0.0000 0.5145
vn 0.8018 -0.5345 -0.2673
vn 0.8729 -0.2182 0.4364
vn 0.8321 0.0000 -0.5547
vn 0.8018 0.5345 0.2673
vn 0.6667 0.3333 -0.6667
vn -0.5774 0.5774 0.5774
vn 0.0000 0.0000 1.0000
vn 0.7071 0.0000 0.7071
vn -0.5547 0.0000 0.8321
vn 0.4851 0.4851 0.7276
vn 0.5345 -0.2673 0.8018
vn 0.1961 0.0000 0.9806
vn 0.3333 -0.6667 -0.6667
vn 0.8165 -0.4082 0.4082
vn -0.3333 -0.6667 0.6667
vn -0.8165 -0.4082 -0.4082
vn -0.2673 0.8018 0.5345
vn 0.5345 0.8018 0.2673
vn 0.2673 -0.8018 0.5345
vn -0.5345 -0.8018 0.2673
vn -0.5345 0.8018 0.2673
vn -0.2673 0.8018 -0.5345
vn 0.5345 0.8018 -0.2673
vn 0.2673 0.8018 0.5345
vn 0.2673 0.8018 -0.5345
vn -0.5345 0.8018 -0.2673
vn -0.2673 -0.8018 -0.5345
vn -0.2673 -0.8018 0.5345
vn -0.5345 -0.8018 -0.2673
vn 0.5345 -0.8018 -0.2673
vn -0.6667 0.6667 0.3333
vn -0.4082 0.4082 -0.8165
vn 0.2673 -0.8018 -0.5345
vn 0.5345 -0.8018 0.2673
vn 0.6667 0.6667 -0.3333
vn 0.4082 0.4082 0.8165
vn -0.3333 -0.6667 -0.6667
vn 0.8165 -0.4082 -0.4082
vn 0.3333 -0.6667 0.6667
vn -0.8165 -0.4082 0.4082
vn 0.2673 0.8018 0.5345
vn 0.5345 -0.8018 0.2673
vn -0.2673 -0.8018 0.5345
vn -0.5345 0.8018 0.2673
vn 0.2673 0.8018 -0.5345
vn 0.5345 0.8018 0.2673
vn -0.2673 0.8018 0.5345
vn -0.5345 0.8018 -0.2673
vn -0.2673 0.8018 -0.5345
vn 0.5345 0.8018 -0.2673
vn 0.2673 -0.8018 -0.5345
vn 0.5345 -0.8018 -0.2673
vn 0.2673 -0.8018 0.5345
vn -0.5345 -0.8018 -0.2673
vn 0.4082 0.4082 -0.8165
vn 0.6667 0.6667 0.3333
vn -0.5345 -0.8018 0.2673
vn -0.2673 -0.8018 -0.5345
vn -0.6667 0.6667 -0.3333
vn -0.4082 0.4082 0.8165
vn -0.3333 -0.6667 -0.6667
vn 0.8165 -0.4082 -0.4082
vn 0.3333 -0.6667 0.6667
vn -0.8165 -0.4082 0.4082
vn 0.2673 0.8018 0.5345
vn 0.5345 -0.8018 0.2673
vn -0.2673 -0.8018 0.5345
vn -0.5345 0.8018 0.2673
vn 0.2673 0.8018 -0.5345
vn 0.5345 0.8018 0.2673
vn -0.2673 0.8018 0.5345
vn -0.5345 0.8018 -0.2673
vn -0.2673 0.8018 -0.5345
vn 0.5345 0.8018 -0.2673
vn 0.2673 -0.8018 -0.5345
vn 0.5345 -0.8018 -0.2673
vn 0.2673 -0.8018 0.5345
vn -0.5345 -0.8018 -0.2673
vn 0.4082 0.4082 -0.8165
vn 0.6667 0.6667 0.3333
vn -0.5345 -0.8018 0.2673
vn -0.2673 -0.8018 -0.5345
vn -0.6667 0.6667 -0.3333
vn -0.4082 0.4082 0.8165
vn 0.3333 -0.6667 -0.6667
vn 0.8165 -0.4082 0.4082
vn -0.3333 -0.6667 0.6667
vn -0.8165 -0.4082 -0.4082
vn -0.2665 0.8031 0.5330
vn 0.5376 0.7992 0.2688
vn 0.2665 -0.8031 0.5330
vn -0.5376 -0.7992 0.2688
vn -0.5345 0.8018 0.2673
vn -0.2673 0.8018 -0.5345
vn 0.5345 0.8018 -0.2673
vn 0.2673 0.8018 0.5345
vn 0.2680 0.8005 -0.5361
vn -0.5314 0.8044 -0.2657
vn -0.2680 -0.8005 -0.5361
vn -0.2673 -0.8018 0.5345
vn -0.5345 -0.8018 -0.2673
vn 0.5314 -0.8044 -0.2657
vn -0.6667 0.6667 0.3333
vn -0.4082 0.4082 -0.8165
vn 0.2673 -0.8018 -0.5345
vn 0.5345 -0.8018 0.2673
vn 0.6667 0.6667 -0.3333
vn 0.4082 0.4082 0.8165
vn 0.0000 -0.4946 0.8691
vn 0.0000 -0.5765 -0.8171
vn 0.0000 0.4946 -0.8691
vn 0.5319 0.8377 0.1238
vn 0.5906 0.2325 0.7727
vn 0.5319 0.8377 0.1239
vn 0.5906 0.2325 0.7727
vn 0.5319 0.8377 0.1239
vn 0.5907 0.2328 0.7726
vn 0.5317 0.8380 0.1230
vn 0.5906 0.2325 0.7727
vn 0.5319 0.8377 0.1239
vn 0.5907 0.2328 0.7726
vn 0.5317 0.8380 0.1230
vn 0.5906 0.2325 0.7727
vn 0.5319 0.8377 0.1239
vn 0.5907 0.2328 0.7726
vn 0.5317 0.8380 0.1230
vn 0.5906 0.2325 0.7727
vn 0.5319 0.8377 0.1239
vn 0.5907 0.2327 0.7726
vn 0.5317 0.8380 0.1230
vn 0.5906 0.2325 0.7727
vn 0.5319 0.8377 0.1239
vn 0.5906 0.2325 0.7727
vn 0.5319 0.8377 0.1239
vn 0.5907 0.2326 0.7727
vn 0.0000 0.5764 0.8171
vn 0.5907 -0.2326 -0.7727
vn 0.5319 -0.8377 -0.1239
vn 0.5906 -0.2325 -0.7727
vn 0.5319 -0.8377 -0.1239
vn 0.5906 -0.2325 -0.7727
vn 0.5319 -0.8377 -0.1239
vn 0.5906 -0.2325 -0.7727
vn 0.5319 -0.8377 -0.1239
vn 0.5906 -0.2325 -0.7727
vn 0.5319 -0.8377 -0.1239
vn 0.5906 -0.2325 -0.7727
vn 0.5319 -0.8377 -0.1239
vn 0.5906 -0.2325 -0.7727
vn 0.5319 -0.8377 -0.1239
vn 0.5906 -0.2325 -0.7727
vn 0.5319 -0.8377 -0.1239
vn 0.5906 -0.2325 -0.7727
vn 0.5317 -0.8380 -0.1230
vn 0.5907 -0.2327 -0.7726
vn 0.5319 -0.8377 -0.1239
vn 0.5906 -0.2325 -0.7727
vn 0.5317 -0.8380 -0.1230
vn 0.5907 -0.2328 -0.7726
vn 0.5319 -0.8377 -0.1238
vn 0.0000 0.4946 -0.8691
vn 0.0000 0.5765 0.8171
vn 0.0000 -0.4946 0.8691
vn 0.0000 -0.5764 -0.8172
vn 0.5906 0.2325 0.7727
vn 0.5319 0.8377 0.1238
vn 0.5907 -0.2326 -0.7727
vn 0.5319 -0.8377 -0.1239
vn -0.5907 0.4651 0.6594
vn -0.5319 0.4188 -0.7359
vn -0.5906 0.4651 0.6594
vn -0.5319 0.4188 -0.7359
vn -0.5906 0.4651 0.6594
vn -0.5317 0.4190 -0.7360
vn -0.5907 0.4655 0.6591
vn -0.5319 0.4188 -0.7359
vn -0.5906 0.4651 0.6594
vn -0.5317 0.4190 -0.7360
vn -0.5907 0.4655 0.6591
vn -0.5319 0.4188 -0.7359
vn -0.5906 0.4651 0.6594
vn -0.5317 0.4190 -0.7360
vn -0.5907 0.4655 0.6591
vn -0.5319 0.4188 -0.7359
vn -0.5906 0.4651 0.6594
vn -0.5317 0.4190 -0.7360
vn -0.5907 0.4655 0.6591
vn -0.5319 0.4188 -0.7359
vn -0.5906 0.4651 0.6594
vn -0.5319 0.4188 -0.7359
vn -0.5906 0.4651 0.6594
vn -0.5319 0.4189 -0.7360
vn 0.0000 0.9893 0.1462
vn 0.0000 -0.2883 -0.9576
vn 0.0000 -0.9893 -0.1460
vn 0.0000 0.2882 0.9576
vn -0.5319 -0.4188 0.7359
vn -0.5907 -0.4651 -0.6594
vn -0.5319 -0.4188 0.7359
vn -0.5906 -0.4651 -0.6594
vn -0.5319 -0.4188 0.7359
vn -0.5906 -0.4651 -0.6594
vn -0.5319 -0.4188 0.7359
vn -0.5906 -0.4651 -0.6594
vn -0.5319 -0.4188 0.7359
vn -0.5906 -0.4651 -0.6594
vn -0.5319 -0.4188 0.7359
vn -0.5906 -0.4651 -0.6594
vn -0.5319 -0.4188 0.7359
vn -0.5906 -0.4651 -0.6594
vn -0.5319 -0.4188 0.7359
vn -0.5906 -0.4651 -0.6594
vn -0.5317 -0.4190 0.7360
vn -0.5906 -0.4651 -0.6594
vn -0.5319 -0.4188 0.7359
vn -0.5907 -0.4655 -0.6591
vn -0.5317 -0.4190 0.7360
vn -0.5906 -0.4650 -0.6594
vn -0.5319 -0.4189 0.7360
vn -0.5907 -0.4655 -0.6591
vn 0.0000 0.9893 0.1460
vn 0.0000 -0.2882 -0.9576
vn 0.0000 -0.9893 -0.1461
vn 0.0000 0.2883 0.9576
vn 0.5906 0.2325 0.7727
vn 0.5317 0.8380 0.1230
vn 0.5907 -0.2328 -0.7726
vn 0.5319 -0.8377 -0.1239
vn 0.5906 0.2325 0.7727
vn 0.5317 0.8380 0.1230
vn 0.5906 -0.2325 -0.7727
vn 0.5319 -0.8377 -0.1239
vn -0.5907 0.4655 0.6591
vn -0.5319 -0.4188 0.7359
vn -0.5906 -0.4651 -0.6594
vn -0.5319 0.4188 -0.7359
vn 0.5907 0.2326 0.7727
vn 0.5319 0.8377 0.1239
vn 0.5907 -0.2328 -0.7726
vn 0.5319 -0.8377 -0.1238
vn 0.0000 0.4946 -0.8691
vn 0.0000 0.5765 0.8171
vn 0.0000 -0.4946 0.8691
vn 0.5317 -0.8380 -0.1230
vn 0.5906 -0.2325 -0.7727
vn 0.5317 -0.8380 -0.1230
vn 0.5906 -0.2325 -0.7727
vn 0.5319 -0.8377 -0.1239
vn 0.5906 -0.2325 -0.7727
vn 0.5319 -0.8377 -0.1239
vn 0.5906 -0.2325 -0.7727
vn 0.5319 -0.8377 -0.1239
vn 0.5906 -0.2325 -0.7727
vn 0.5319 -0.8377 -0.1239
vn 0.5906 -0.2325 -0.7727
vn 0.5319 -0.8377 -0.1239
vn 0.5906 -0.2325 -0.7727
vn 0.5319 -0.8377 -0.1239
vn 0.5906 -0.2325 -0.7727
vn 0.0000 -0.5764 -0.8172
vn 0.5906 0.2325 0.7727
vn 0.5317 0.8380 0.1230
vn -0.5906 0.4650 0.6594
vn -0.5319 -0.4188 0.7359
vn -0.5906 -0.4651 -0.6594
vn -0.5319 0.4188 -0.7359
vn 0.5906 0.2325 0.7727
vn 0.5317 0.8380 0.1230
vn 0.5906 0.2325 0.7727
vn 0.5319 0.8377 0.1239
vn -0.5907 0.4651 0.6594
vn -0.5319 0.4188 -0.7359
vn -0.5906 0.4651 0.6594
vn -0.5319 0.4188 -0.7359
vn -0.5906 0.4651 0.6594
vn -0.5317 0.4190 -0.7360
vn -0.5907 0.4655 0.6590
vn -0.5319 0.4188 -0.7359
vn -0.5906 0.4651 0.6594
vn -0.5317 0.4190 -0.7360
vn -0.5907 0.4655 0.6591
vn -0.5319 0.4188 -0.7359
vn -0.5906 0.4651 0.6594
vn -0.5317 0.4190 -0.7360
vn -0.5907 0.4655 0.6591
vn -0.5319 0.4188 -0.7359
vn -0.5906 0.4651 0.6594
vn -0.5317 0.4190 -0.7360
vn -0.5906 0.4651 0.6594
vn -0.5319 0.4189 -0.7360
vn 0.0000 0.9893 0.1462
vn 0.0000 -0.2883 -0.9576
vn 0.0000 -0.9893 -0.1460
vn 0.0000 0.2882 0.9576
vn 0.0000 -0.4946 0.8691
vn 0.0000 -0.5765 -0.8171
vn 0.0000 0.4946 -0.8691
vn 0.5319 0.8377 0.1239
vn 0.5907 0.2328 0.7726
vn 0.5319 0.8377 0.1239
vn 0.5907 0.2328 0.7726
vn 0.5319 0.8377 0.1239
vn 0.5907 0.2328 0.7726
vn 0.5319 0.8377 0.1239
vn 0.5907 0.2328 0.7726
vn 0.5319 0.8377 0.1239
vn 0.5906 0.2325 0.7727
vn 0.0000 0.5764 0.8171
vn -0.5319 -0.4188 0.7359
vn -0.5906 -0.4651 -0.6594
vn -0.5317 -0.4190 0.7360
vn -0.5906 -0.4651 -0.6594
vn -0.5319 -0.4188 0.7359
vn -0.5906 -0.4651 -0.6594
vn -0.5319 -0.4188 0.7359
vn -0.5907 -0.4651 -0.6594
vn -0.5319 -0.4188 0.7359
vn -0.5906 -0.4651 -0.6594
vn -0.5319 -0.4188 0.7359
vn -0.5906 -0.4651 -0.6594
vn -0.5319 -0.4188 0.7359
vn -0.5906 -0.4651 -0.6594
vn -0.5319 -0.4188 0.7359
vn -0.5907 -0.4655 -0.6591
vn -0.5317 -0.4190 0.7360
vn -0.5906 -0.4650 -0.6594
vn -0.5319 -0.4189 0.7360
vn -0.5907 -0.4655 -0.6591
vn 0.0000 0.9893 0.1460
vn 0.0000 -0.2882 -0.9576
vn 0.0000 -0.9893 -0.1461
vn 0.0000 0.2883 0.9576
vn -0.8944 0.0000 -0.4472
vn -0.4472 0.0000 0.8944
vn -0.8165 0.4082 0.4082
vn -0.3333 0.6667 -0.6667
vn 0.8944 0.0000 0.4472
vn 0.3333 0.6667 0.6667
vn 0.4472 0.0000 -0.8944
vn 0.8165 0.4082 -0.4082
vn -0.8944 0.0000 -0.4472
vn -0.4472 0.0000 0.8944
vn -0.8165 0.4082 0.4082
vn -0.3333 0.6667 -0.6667
vn 0.8944 0.0000 0.4472
vn 0.3333 0.6667 0.6667
vn 0.4472 0.0000 -0.8944
vn 0.8165 0.4082 -0.4082
vn 0.0000 -0.4946 0.8691
vn 0.0000 -0.5765 -0.8171
vn 0.0000 0.4946 -0.8691
vn 0.5319 0.8377 0.1238
vn 0.5906 0.2325 0.7727
vn 0.5319 0.8377 0.1239
vn 0.5906 0.2325 0.7727
vn 0.5319 0.8377 0.1239
vn 0.5907 0.2328 0.7726
vn 0.5317 0.8380 0.1230
vn 0.5906 0.2325 0.7727
vn 0.5319 0.8377 0.1239
vn 0.5907 0.2328 0.7726
vn 0.5317 0.8380 0.1230
vn 0.5906 0.2325 0.7727
vn 0.5319 0.8377 0.1239
vn 0.5907 0.2328 0.7726
vn 0.5317 0.8380 0.1230
vn 0.5906 0.2325 0.7727
vn 0.5319 0.8377 0.1239
vn 0.5907 0.2327 0.7726
vn 0.5317 0.8380 0.1230
vn 0.5906 0.2325 0.7727
vn 0.5319 0.8377 0.1239
vn 0.5906 0.2325 0.7727
vn 0.5319 0.8377 0.1239
vn 0.5907 0.2326 0.7727
vn 0.0000 0.5764 0.8171
vn 0.5907 -0.2326 -0.7727
vn 0.5319 -0.8377 -0.1239
vn 0.5906 -0.2325 -0.7727
vn 0.5319 -0.8377 -0.1239
vn 0.5906 -0.2325 -0.7727
vn 0.5319 -0.8377 -0.1239
vn 0.5906 -0.2325 -0.7727
vn 0.5319 -0.8377 -0.1239
vn 0.5906 -0.2325 -0.7727
vn 0.5319 -0.8377 -0.1239
vn 0.5906 -0.2325 -0.7727
vn 0.5319 -0.8377 -0.1239
vn 0.5906 -0.2325 -0.7727
vn 0.5319 -0.8377 -0.1239
vn 0.5906 -0.2325 -0.7727
vn 0.5319 -0.8377 -0.1239
vn 0.5906 -0.2325 -0.7727
vn 0.5317 -0.8380 -0.1230
vn 0.5907 -0.2327 -0.7726
vn 0.5319 -0.8377 -0.1239
vn 0.5906 -0.2325 -0.7727
vn 0.5317 -0.8380 -0.1230
vn 0.5907 -0.2328 -0.7726
vn 0.5319 -0.8377 -0.1238
vn 0.0000 0.4946 -0.8691
vn 0.0000 0.5765 0.8171
vn 0.0000 -0.4946 0.8691
vn 0.0000 -0.5764 -0.8172
vn 0.5906 0.2325 0.7727
vn 0.5319 0.8377 0.1238
vn 0.5907 -0.2326 -0.7727
vn 0.5319 -0.8377 -0.1239
vn -0.5907 0.4651 0.6594
vn -0.5319 0.4188 -0.7359
vn -0.5906 0.4651 0.6594
vn -0.5319 0.4188 -0.7359
vn -0.5906 0.4651 0.6594
vn -0.5317 0.4190 -0.7360
vn -0.5907 0.4655 0.6591
vn -0.5319 0.4188 -0.7359
vn -0.5906 0.4651 0.6594
vn -0.5317 0.4190 -0.7360
vn -0.5907 0.4655 0.6591
vn -0.5319 0.4188 -0.7359
vn -0.5906 0.4651 0.6594
vn -0.5317 0.4190 -0.7360
vn -0.5907 0.4655 0.6591
vn -0.5319 0.4188 -0.7359
vn -0.5906 0.4651 0.6594
vn -0.5317 0.4190 -0.7360
vn -0.5907 0.4655 0.6591
vn -0.5319 0.4188 -0.7359
vn -0.5906 0.4651 0.6594
vn -0.5319 0.4188 -0.7359
vn -0.5906 0.4651 0.6594
vn -0.5319 0.4189 -0.7360
vn 0.0000 0.9893 0.1462
vn 0.0000 -0.2883 -0.9576
vn 0.0000 -0.9893 -0.1460
vn 0.0000 0.2882 0.9576
vn -0.5319 -0.4188 0.7359
vn -0.5907 -0.4651 -0.6594
vn -0.5319 -0.4188 0.7359
vn -0.5906 -0.4651 -0.6594
vn -0.5319 -0.4188 0.7359
vn -0.5906 -0.4651 -0.6594
vn -0.5319 -0.4188 0.7359
vn -0.5906 -0.4651 -0.6594
vn -0.5319 -0.4188 0.7359
vn -0.5906 -0.4651 -0.6594
vn -0.5319 -0.4188 0.7359
vn -0.5906 -0.4651 -0.6594
vn -0.5319 -0.4188 0.7359
vn -0.5906 -0.4651 -0.6594
vn -0.5319 -0.4188 0.7359
vn -0.5906 -0.4651 -0.6594
vn -0.5317 -0.4190 0.7360
vn -0.5906 -0.4651 -0.6594
vn -0.5319 -0.4188 0.7359
vn -0.5907 -0.4655 -0.6591
vn -0.5317 -0.4190 0.7360
vn -0.5906 -0.4650 -0.6594
vn -0.5319 -0.4189 0.7360
vn -0.5907 -0.4655 -0.6591
vn 0.0000 0.9893 0.1460
vn 0.0000 -0.2882 -0.9576
vn 0.0000 -0.9893 -0.1461
vn 0.0000 0.2883 0.9576
vn 0.5906 0.2325 0.7727
vn 0.5317 0.8380 0.1230
vn 0.5907 -0.2328 -0.7726
vn 0.5319 -0.8377 -0.1239
vn 0.5906 0.2325 0.7727
vn 0.5317 0.8380 0.1230
vn 0.5906 -0.2325 -0.7727
vn 0.5319 -0.8377 -0.1239
vn -0.5907 0.4655 0.6591
vn -0.5319 -0.4188 0.7359
vn -0.5906 -0.4651 -0.6594
vn -0.5319 0.4188 -0.7359
vn 0.5907 0.2326 0.7727
vn 0.5319 0.8377 0.1239
vn 0.5907 -0.2328 -0.7726
vn 0.5319 -0.8377 -0.1238
vn 0.0000 0.4946 -0.8691
vn 0.0000 0.5765 0.8171
vn 0.0000 -0.4946 0.8691
vn 0.5317 -0.8380 -0.1230
vn 0.5906 -0.2325 -0.7727
vn 0.5317 -0.8380 -0.1230
vn 0.5906 -0.2325 -0.7727
vn 0.5319 -0.8377 -0.1239
vn 0.5906 -0.2325 -0.7727
vn 0.5319 -0.8377 -0.1239
vn 0.5906 -0.2325 -0.7727
vn 0.5319 -0.8377 -0.1239
vn 0.5906 -0.2325 -0.7727
vn 0.5319 -0.8377 -0.1239
vn 0.5906 -0.2325 -0.7727
vn 0.5319 -0.8377 -0.1239
vn 0.5906 -0.2325 -0.7727
vn 0.5319 -0.8377 -0.1239
vn 0.5906 -0.2325 -0.7727
vn 0.0000 -0.5764 -0.8172
vn 0.5906 0.2325 0.7727
vn 0.5317 0.8380 0.1230
vn -0.5906 0.4650 0.6594
vn -0.5319 -0.4188 0.7359
vn -0.5906 -0.4651 -0.6594
vn -0.5319 0.4188 -0.7359
vn 0.5906 0.2325 0.7727
vn 0.5317 0.8380 0.1230
vn 0.5906 0.2325 0.7727
vn 0.5319 0.8377 0.1239
vn -0.5907 0.4651 0.6594
vn -0.5319 0.4188 -0.7359
vn -0.5906 0.4651 0.6594
vn -0.5319 0.4188 -0.7359
vn -0.5906 0.4651 0.6594
vn -0.5317 0.4190 -0.7360
vn -0.5907 0.4655 0.6590
vn -0.5319 0.4188 -0.7359
vn -0.5906 0.4651 0.6594
vn -0.5317 0.4190 -0.7360
vn -0.5907 0.4655 0.6591
vn -0.5319 0.4188 -0.7359
vn -0.5906 0.4651 0.6594
vn -0.5317 0.4190 -0.7360
vn -0.5907 0.4655 0.6591
vn -0.5319 0.4188 -0.7359
vn -0.5906 0.4651 0.6594
vn -0.5317 0.4190 -0.7360
vn -0.5906 0.4651 0.6594
vn -0.5319 0.4189 -0.7360
vn 0.0000 0.9893 0.1462
vn 0.0000 -0.2883 -0.9576
vn 0.0000 -0.9893 -0.1460
vn 0.0000 0.2882 0.9576
vn 0.0000 -0.4946 0.8691
vn 0.0000 -0.5765 -0.8171
vn 0.0000 0.4946 -0.8691
vn 0.5319 0.8377 0.1239
vn 0.5907 0.2328 0.7726
vn 0.5319 0.8377 0.1239
vn 0.5907 0.2328 0.7726
vn 0.5319 0.8377 0.1239
vn 0.5907 0.2328 0.7726
vn 0.5319 0.8377 0.1239
vn 0.5907 0.2328 0.7726
vn 0.5319 0.8377 0.1239
vn 0.5906 0.2325 0.7727
vn 0.0000 0.5764 0.8171
vn -0.5319 -0.4188 0.7359
vn -0.5906 -0.4651 -0.6594
vn -0.5317 -0.4190 0.7360
vn -0.5906 -0.4651 -0.6594
vn -0.5319 -0.4188 0.7359
vn -0.5906 -0.4651 -0.6594
vn -0.5319 -0.4188 0.7359
vn -0.5907 -0.4651 -0.6594
vn -0.5319 -0.4188 0.7359
vn -0.5906 -0.4651 -0.6594
vn -0.5319 -0.4188 0.7359
vn -0.5906 -0.4651 -0.6594
vn -0.5319 -0.4188 0.7359
vn -0.5906 -0.4651 -0.6594
vn -0.5319 -0.4188 0.7359
vn -0.5907 -0.4655 -0.6591
vn -0.5317 -0.4190 0.7360
vn -0.5906 -0.4650 -0.6594
vn -0.5319 -0.4189 0.7360
vn -0.5907 -0.4655 -0.6591
vn 0.0000 0.9893 0.1460
vn 0.0000 -0.2882 -0.9576
vn 0.0000 -0.9893 -0.1461
vn 0.0000 0.2883 0.9576
vn -0.8944 0.0000 -0.4472
vn -0.4472 0.0000 0.8944
vn -0.8165 0.4082 0.4082
vn -0.3333 0.6667 -0.6667
vn 0.8944 0.0000 0.4472
vn 0.3333 0.6667 0.6667
vn 0.4472 0.0000 -0.8944
vn 0.8165 0.4082 -0.4082
vn -0.8944 0.0000 -0.4472
vn -0.4472 0.0000 0.8944
vn -0.8165 0.4082 0.4082
vn -0.3333 0.6667 -0.6667
vn 0.8944 0.0000 0.4472
vn 0.3333 0.6667 0.6667
vn 0.4472 0.0000 -0.8944
vn 0.8165 0.4082 -0.4082
vn 0.7071 0.0000 -0.7071
vn 0.7071 0.0000 0.7071
vn 0.7071 0.0000 0.7071
vn 0.7071 0.0000 -0.7071
vn 0.7071 0.0000 -0.7071
vn 0.7071 0.0000 0.7071
vn 0.7071 0.0000 0.7071
vn 0.7071 0.0000 -0.7071
vn 0.7071 0.0000 -0.7071
vn 0.7071 0.0000 0.7071
vn 0.7071 0.0000 0.7071
vn 0.7071 0.0000 -0.7071
vn 0.7071 0.0000 -0.7071
vn 0.7071 0.0000 0.7071
vn 0.7071 0.0000 0.7071
vn 0.7071 0.0000 -0.7071
vn 0.7071 0.0000 -0.7071
vn 0.7071 0.0000 0.7071
vn 0.7071 0.0000 0.7071
vn 0.7071 0.0000 -0.7071
vn 0.7071 0.0000 -0.7071
vn 0.7071 0.0000 0.7071
vn 0.7071 0.0000 0.7071
vn 0.7071 0.0000 -0.7071
vn 0.7071 0.0000 -0.7071
vn 0.7071 0.0000 0.7071
vn 0.7071 0.0000 0.7071
vn 0.7071 0.0000 -0.7071
vn 0.7071 0.0000 -0.7071
vn 0.7071 0.0000 0.7071
vn 0.7071 0.0000 0.7071
vn 0.7071 0.0000 -0.7071
vn 0.7071 0.0000 -0.7071
vn 0.7071 0.0000 0.7071
vn 0.7071 0.0000 0.7071
vn 0.7071 0.0000 -0.7071
vn 0.7071 0.0000 -0.7071
vn 0.7071 0.0000 0.7071
vn 0.7071 0.0000 0.7071
vn 0.7071 0.0000 -0.7071
vn 0.7071 0.0000 -0.7071
vn 0.7071 0.0000 0.7071
vn 0.7071 0.0000 0.7071
vn 0.7071 0.0000 -0.7071
vn 0.7071 0.0000 -0.7071
vn 0.7071 0.0000 0.7071
vn 0.7071 0.0000 0.7071
vn 0.7071 0.0000 -0.7071
vn 0.7071 0.0000 -0.7071
vn 0.7071 -0.0000 0.7071
vn 0.7071 -0.0000 0.7071
vn 0.7071 0.0000 -0.7071
vn 0.7071 0.0000 -0.7071
vn 0.7071 0.0000 0.7071
vn 0.7071 0.0000 0.7071
vn 0.7071 0.0000 -0.7071
vn 0.7071 0.0000 -0.7071
vn 0.7071 0.0000 0.7071
vn 0.7071 0.0000 0.7071
vn 0.7071 0.0000 -0.7071
vn -0.8944 0.0000 -0.4472
vn -0.4472 0.0000 -0.8944
vn -0.8944 0.0000 0.4472
vn -0.4472 0.0000 0.8944
vn -0.8944 0.0000 -0.4472
vn -0.4472 0.0000 -0.8944
vn -0.8944 0.0000 0.4472
vn -0.4472 0.0000 0.8944
vn -0.8944 0.0000 -0.4472
vn -0.4472 0.0000 -0.8944
vn -0.8944 0.0000 0.4472
vn -0.4472 0.0000 0.8944
vn -0.8944 0.0000 -0.4472
vn -0.4472 0.0000 -0.8944
vn -0.8944 0.0000 0.4472
vn -0.4472 0.0000 0.8944
vn -0.8944 0.0000 -0.4472
vn -0.4472 0.0000 -0.8944
vn -0.8944 0.0000 0.4472
vn -0.4472 0.0000 0.8944
vn -0.8944 0.0000 -0.4472
vn -0.4472 0.0000 -0.8944
vn -0.8944 0.0000 0.4472
vn -0.4472 0.0000 0.8944
vn -0.8944 0.0000 -0.4472
vn -0.4472 0.0000 -0.8944
vn -0.8944 0.0000 0.4472
vn -0.4472 0.0000 0.8944
vn -0.8944 0.0000 -0.4472
vn -0.4472 0.0000 -0.8944
vn -0.8944 0.0000 0.4472
vn -0.4472 0.0000 0.8944
vn -0.8944 0.0000 -0.4472
vn -0.4472 0.0000 -0.8944
vn -0.8944 0.0000 0.4472
vn -0.4472 0.0000 0.8944
vn -0.8944 0.0000 -0.4472
vn -0.4472 0.0000 -0.8944
vn -0.8944 0.0000 0.4472
vn -0.4472 0.0000 0.8944
vn -0.8944 0.0000 -0.4472
vn -0.4472 0.0000 -0.8944
vn -0.8944 0.0000 0.4472
vn -0.4472 0.0000 0.8944
vn -0.8944 0.0000 -0.4472
vn -0.4472 0.0000 -0.8944
vn -0.8944 0.0000 0.4472
vn -0.4472 0.0000 0.8944
vn -0.8944 0.0000 -0.4472
vn -0.4472 0.0000 -0.8944
vn -0.8944 -0.0000 0.4472
vn -0.4472 -0.0000 0.8944
vn -0.8944 0.0000 -0.4472
vn -0.4472 0.0000 -0.8944
vn -0.8944 0.0000 0.4472
vn -0.4472 0.0000 0.8944
vn -0.8944 0.0000 -0.4472
vn -0.4472 0.0000 -0.8944
vn -0.8944 0.0000 0.4472
vn -0.4472 0.0000 0.8944
vn 0.8944 0.4472 0.0000
vn 0.4472 -0.8944 0.0000
vn 0.8944 -0.4472 0.0000
vn 0.4472 0.8944 0.0000
vn -0.8944 -0.4472 0.0000
vn -0.4472 0.8944 0.0000
vn -0.8944 0.4472 0.0000
vn -0.4472 -0.8944 0.0000
vn -0.8944 -0.4472 0.0000
vn -0.4472 0.8944 0.0000
vn -0.8944 0.4472 0.0000
vn -0.4472 -0.8944 0.0000
vn 0.8944 0.4472 0.0000
vn 0.4472 -0.8944 0.0000
vn 0.8944 -0.4472 0.0000
vn 0.4472 0.8944 0.0000
vn -0.7071 0.0000 -0.7071
vn -0.7071 0.0000 -0.7071
vn -0.7071 0.0000 0.7071
vn -0.7071 0.0000 0.7071
vn -0.7071 0.0000 -0.7071
vn -0.7071 0.0000 -0.7071
vn -0.7071 0.0000 0.7071
vn -0.7071 0.0000 0.7071
vn -0.7071 0.0000 -0.7071
vn -0.7071 0.0000 -0.7071
vn -0.7071 0.0000 0.7071
vn -0.7071 0.0000 0.7071
vn -0.7071 0.0000 -0.7071
vn -0.7071 0.0000 -0.7071
vn -0.7071 0.0000 0.7071
vn -0.7071 0.0000 0.7071
vn -0.7071 0.0000 -0.7071
vn -0.7071 0.0000 -0.7071
vn -0.7071 0.0000 0.7071
vn -0.7071 0.0000 0.7071
vn -0.7071 0.0000 -0.7071
vn -0.7071 0.0000 -0.7071
vn -0.7071 0.0000 0.7071
vn -0.7071 0.0000 0.7071
vn -0.7071 0.0000 -0.7071
vn -0.7071 0.0000 -0.7071
vn -0.7071 0.0000 0.7071
vn -0.7071 0.0000 0.7071
vn -0.7071 0.0000 -0.7071
vn -0.7071 0.0000 -0.7071
vn -0.7071 0.0000 0.7071
vn -0.7071 0.0000 0.7071
vn -0.7071 0.0000 -0.7071
vn -0.7071 0.0000 -0.7071
vn -0.7071 0.0000 0.7071
vn -0.7071 0.0000 0.7071
vn -0.7071 0.0000 -0.7071
vn -0.7071 0.0000 -0.7071
vn -0.7071 0.0000 0.7071
vn -0.7071 0.0000 0.7071
vn -0.7071 0.0000 -0.7071
vn -0.7071 0.0000 -0.7071
vn -0.7071 0.0000 0.7071
vn -0.7071 0.0000 0.7071
vn -0.7071 0.0000 -0.7071
vn -0.7071 0.0000 -0.7071
vn -0.7071 0.0000 0.7071
vn -0.7071 0.0000 0.7071
vn -0.7071 0.0000 -0.7071
vn -0.7071 0.0000 -0.7071
vn -0.7071 -0.0000 0.7071
vn -0.7071 -0.0000 0.7071
vn -0.7071 0.0000 -0.7071
vn -0.7071 0.0000 -0.7071
vn -0.7071 0.0000 0.7071
vn -0.7071 0.0000 0.7071
vn -0.7071 0.0000 -0.7071
vn -0.7071 0.0000 -0.7071
vn -0.7071 0.0000 0.7071
vn -0.7071 0.0000 0.7071
vn 0.8944 0.0000 -0.4472
vn 0.4472 0.0000 0.8944
vn 0.8944 0.0000 0.4472
vn 0.4472 0.0000 -0.8944
vn 0.8944 0.0000 -0.4472
vn 0.4472 0.0000 0.8944
vn 0.8944 0.0000 0.4472
vn 0.4472 0.0000 -0.8944
vn 0.8944 0.0000 -0.4472
vn 0.4472 0.0000 0.8944
vn 0.8944 0.0000 0.4472
vn 0.4472 0.0000 -0.8944
vn 0.8944 0.0000 -0.4472
vn 0.4472 0.0000 0.8944
vn 0.8944 0.0000 0.4472
vn 0.4472 0.0000 -0.8944
vn 0.8944 0.0000 -0.4472
vn 0.4472 0.0000 0.8944
vn 0.8944 0.0000 0.4472
vn 0.4472 0.0000 -0.8944
vn 0.8944 0.0000 -0.4472
vn 0.4472 0.0000 0.8944
vn 0.8944 0.0000 0.4472
vn 0.4472 0.0000 -0.8944
vn 0.8944 0.0000 -0.4472
vn 0.4472 0.0000 0.8944
vn 0.8944 0.0000 0.4472
vn 0.4472 0.0000 -0.8944
vn 0.8944 0.0000 -0.4472
vn 0.4472 0.0000 0.8944
vn 0.8944 0.0000 0.4472
vn 0.4472 0.0000 -0.8944
vn 0.8944 0.0000 -0.4472
vn 0.4472 0.0000 0.8944
vn 0.8944 0.0000 0.4472
vn 0.4472 0.0000 -0.8944
vn 0.8944 0.0000 -0.4472
vn 0.4472 0.0000 0.8944
vn 0.8944 0.0000 0.4472
vn 0.4472 0.0000 -0.8944
vn 0.8944 0.0000 -0.4472
vn 0.4472 0.0000 0.8944
vn 0.8944 0.0000 0.4472
vn 0.4472 0.0000 -0.8944
vn 0.8944 0.0000 -0.4472
vn 0.4472 0.0000 0.8944
vn 0.8944 0.0000 0.4472
vn 0.4472 0.0000 -0.8944
vn 0.8944 0.0000 -0.4472
vn 0.4472 -0.0000 0.8944
vn 0.8944 -0.0000 0.4472
vn 0.4472 0.0000 -0.8944
vn 0.8944 0.0000 -0.4472
vn 0.4472 0.0000 0.8944
vn 0.8944 0.0000 0.4472
vn 0.4472 0.0000 -0.8944
vn 0.8944 0.0000 -0.4472
vn 0.4472 0.0000 0.8944
vn 0.8944 0.0000 0.4472
vn 0.4472 0.0000 -0.8944
vn -0.8944 0.4472 0.0000
vn -0.4472 0.8944 0.0000
vn -0.8944 -0.4472 0.0000
vn -0.4472 -0.8944 0.0000
vn 0.8944 -0.4472 0.0000
vn 0.4472 -0.8944 0.0000
vn 0.8944 0.4472 0.0000
vn 0.4472 0.8944 0.0000
vn 0.8944 -0.4472 0.0000
vn 0.4472 -0.8944 0.0000
vn 0.8944 0.4472 0.0000
vn 0.4472 0.8944 0.0000
vn -0.8944 0.4472 0.0000
vn -0.4472 0.8944 0.0000
vn -0.8944 -0.4472 0.0000
vn -0.4472 -0.8944 0.0000
vn -0.7071 0.0000 0.7071
vn -0.7071 0.0000 0.7071
vn 0.7071 0.0000 0.7071
vn 0.7071 0.0000 0.7071
vn -0.7071 0.0000 0.7071
vn -0.7071 0.0000 0.7071
vn 0.7071 0.0000 0.7071
vn 0.7071 0.0000 0.7071
vn -0.7071 0.0000 0.7071
vn -0.7071 0.0000 0.7071
vn 0.7071 0.0000 0.7071
vn 0.7071 0.0000 0.7071
vn -0.7071 0.0000 0.7071
vn -0.7071 0.0000 0.7071
vn 0.7071 0.0000 0.7071
vn 0.7071 0.0000 0.7071
vn -0.7071 0.0000 0.7071
vn -0.7071 0.0000 0.7071
vn 0.7071 0.0000 0.7071
vn 0.7071 0.0000 0.7071
vn -0.7071 0.0000 0.7071
vn -0.7071 0.0000 0.7071
vn 0.7071 0.0000 0.7071
vn 0.7071 0.0000 0.7071
vn -0.7071 0.0000 0.7071
vn -0.7071 0.0000 0.7071
vn 0.7071 0.0000 0.7071
vn 0.7071 0.0000 0.7071
vn -0.7071 0.0000 0.7071
vn -0.7071 0.0000 0.7071
vn 0.7071 0.0000 0.7071
vn 0.7071 0.0000 0.7071
vn -0.7071 0.0000 0.7071
vn -0.7071 0.0000 0.7071
vn 0.7071 0.0000 0.7071
vn 0.7071 0.0000 0.7071
vn -0.7071 0.0000 0.7071
vn -0.7071 0.0000 0.7071
vn 0.7071 0.0000 0.7071
vn 0.7071 0.0000 0.7071
vn -0.7071 0.0000 0.7071
vn -0.7071 0.0000 0.7071
vn 0.7071 0.0000 0.7071
vn 0.7071 0.0000 0.7071
vn -0.7071 0.0000 0.7071
vn -0.7071 0.0000 0.7071
vn 0.7071 0.0000 0.7071
vn 0.7071 0.0000 0.7071
vn -0.4472 0.0000 -0.8944
vn 0.8944 0.0000 -0.4472
vn 0.4472 0.0000 -0.8944
vn -0.8944 0.0000 -0.4472
vn -0.4472 0.0000 -0.8944
vn 0.8944 0.0000 -0.4472
vn 0.4472 0.0000 -0.8944
vn -0.8944 0.0000 -0.4472
vn -0.4472 0.0000 -0.8944
vn 0.8944 0.0000 -0.4472
vn 0.4472 0.0000 -0.8944
vn -0.8944 0.0000 -0.4472
vn -0.4472 0.0000 -0.8944
vn 0.8944 0.0000 -0.4472
vn 0.4472 0.0000 -0.8944
vn -0.8944 0.0000 -0.4472
vn -0.4472 0.0000 -0.8944
vn 0.8944 0.0000 -0.4472
vn 0.4472 0.0000 -0.8944
vn -0.8944 0.0000 -0.4472
vn -0.4472 0.0000 -0.8944
vn 0.8944 0.0000 -0.4472
vn 0.4472 0.0000 -0.8944
vn -0.8944 0.0000 -0.4472
vn -0.4472 0.0000 -0.8944
vn 0.8944 0.0000 -0.4472
vn 0.4472 0.0000 -0.8944
vn -0.8944 0.0000 -0.4472
vn -0.4472 0.0000 -0.8944
vn 0.8944 0.0000 -0.4472
vn 0.4472 0.0000 -0.8944
vn -0.8944 0.0000 -0.4472
vn -0.4472 0.0000 -0.8944
vn 0.8944 0.0000 -0.4472
vn 0.4472 0.0000 -0.8944
vn -0.8944 0.0000 -0.4472
vn -0.4472 0.0000 -0.8944
vn 0.8944 0.0000 -0.4472
vn 0.4472 0.0000 -0.8944
vn -0.8944 0.0000 -0.4472
vn -0.4472 0.0000 -0.8944
vn 0.8944 0.0000 -0.4472
vn 0.4472 0.0000 -0.8944
vn -0.8944 0.0000 -0.4472
vn -0.4472 0.0000 -0.8944
vn 0.8944 0.0000 -0.4472
vn 0.4472 0.0000 -0.8944
vn -0.8944 0.0000 -0.4472
vn 0.0000 0.8944 0.4472
vn 0.0000 0.4472 0.8944
vn 0.0000 0.8944 -0.4472
vn 0.0000 0.4472 -0.8944
vn 0.0000 -0.8944 -0.4472
vn 0.0000 -0.4472 -0.8944
vn 0.0000 -0.8944 0.4472
vn 0.0000 -0.4472 0.8944
vn 0.7071 0.0000 0.7071
vn -0.7071 0.0000 0.7071
vn -0.7071 0.0000 0.7071
vn 0.7071 0.0000 0.7071
vn 0.7071 0.0000 0.7071
vn -0.7071 0.0000 0.7071
vn -0.7071 0.0000 0.7071
vn 0.7071 0.0000 0.7071
vn 0.7071 0.0000 0.7071
vn -0.7071 0.0000 0.7071
vn -0.7071 0.0000 0.7071
vn 0.7071 0.0000 0.7071
vn 0.7071 0.0000 0.7071
vn -0.7071 0.0000 0.7071
vn -0.7071 0.0000 0.7071
vn 0.7071 0.0000 0.7071
vn 0.7071 0.0000 0.7071
vn -0.7071 0.0000 0.7071
vn -0.7071 0.0000 0.7071
vn 0.7071 0.0000 0.7071
vn 0.7071 0.0000 0.7071
vn -0.7071 0.0000 0.7071
vn -0.7071 0.0000 0.7071
vn 0.7071 0.0000 0.7071
vn 0.7071 0.0000 0.7071
vn -0.7071 0.0000 0.7071
vn -0.7071 0.0000 0.7071
vn 0.7071 0.0000 0.7071
vn 0.7071 0.0000 0.7071
vn -0.7071 0.0000 0.7071
vn -0.7071 0.0000 0.7071
vn 0.7071 0.0000 0.7071
vn 0.7071 0.0000 0.7071
vn -0.7071 0.0000 0.7071
vn -0.7071 0.0000 0.7071
vn 0.7071 0.0000 0.7071
vn 0.7071 0.0000 0.7071
vn -0.7071 0.0000 0.7071
vn -0.7071 0.0000 0.7071
vn 0.7071 0.0000 0.7071
vn 0.7071 0.0000 0.7071
vn -0.7071 0.0000 0.7071
vn -0.7071 0.0000 0.7071
vn 0.7071 0.0000 0.7071
vn 0.7071 0.0000 0.7071
vn -0.7071 0.0000 0.7071
vn -0.7071 0.0000 0.7071
vn 0.7071 0.0000 0.7071
vn 0.4472 0.0000 -0.8944
vn 0.8944 0.0000 -0.4472
vn -0.4472 0.0000 -0.8944
vn -0.8944 0.0000 -0.4472
vn 0.4472 0.0000 -0.8944
vn 0.8944 0.0000 -0.4472
vn -0.4472 0.0000 -0.8944
vn -0.8944 0.0000 -0.4472
vn 0.4472 0.0000 -0.8944
vn 0.8944 0.0000 -0.4472
vn -0.4472 0.0000 -0.8944
vn -0.8944 0.0000 -0.4472
vn 0.4472 0.0000 -0.8944
vn 0.8944 0.0000 -0.4472
vn -0.4472 0.0000 -0.8944
vn -0.8944 0.0000 -0.4472
vn 0.4472 0.0000 -0.8944
vn 0.8944 0.0000 -0.4472
vn -0.4472 0.0000 -0.8944
vn -0.8944 0.0000 -0.4472
vn 0.4472 0.0000 -0.8944
vn 0.8944 0.0000 -0.4472
vn -0.4472 0.0000 -0.8944
vn -0.8944 0.0000 -0.4472
vn 0.4472 0.0000 -0.8944
vn 0.8944 0.0000 -0.4472
vn -0.4472 0.0000 -0.8944
vn -0.8944 0.0000 -0.4472
vn 0.4472 0.0000 -0.8944
vn 0.8944 0.0000 -0.4472
vn -0.4472 0.0000 -0.8944
vn -0.8944 0.0000 -0.4472
vn 0.4472 0.0000 -0.8944
vn 0.8944 0.0000 -0.4472
vn -0.4472 0.0000 -0.8944
vn -0.8944 0.0000 -0.4472
vn 0.4472 0.0000 -0.8944
vn 0.8944 0.0000 -0.4472
vn -0.4472 0.0000 -0.8944
vn -0.8944 0.0000 -0.4472
vn 0.4472 0.0000 -0.8944
vn 0.8944 0.0000 -0.4472
vn -0.4472 0.0000 -0.8944
vn -0.8944 0.0000 -0.4472
vn 0.4472 0.0000 -0.8944
vn 0.8944 0.0000 -0.4472
vn -0.4472 0.0000 -0.8944
vn -0.8944 0.0000 -0.4472
vn 0.0000 -0.8944 -0.4472
vn 0.0000 -0.4472 -0.8944
vn 0.0000 -0.8944 0.4472
vn 0.0000 -0.4472 0.8944
vn 0.0000 0.8944 0.4472
vn 0.0000 0.4472 0.8944
vn 0.0000 0.8944 -0.4472
vn 0.0000 0.4472 -0.8944
vn 0.0000 -0.8944 0.4472
vn 0.0000 0.7071 0.7071
vn 0.0000 0.4472 0.8944
vn 0.0000 0.0000 1.0000
vn 0.0000 -0.3162 0.9487
vn 0.0000 0.8944 0.4472
vn 0.0000 -0.5547 0.8321
vn 0.0000 -0.4472 0.8944
vn -0.8944 0.0000 0.4472
vn -0.3015 0.3015 0.9045
vn 0.0000 0.7071 0.7071
vn 0.0000 0.0000 1.0000
vn 0.4472 0.0000 0.8944
vn 0.4851 0.4851 0.7276
vn 0.0000 -0.8944 0.4472
vn 0.0000 -0.3162 0.9487
vn 0.0000 0.0000 1.0000
vn 0.0000 0.4472 0.8944
vn 0.0000 0.7071 0.7071
vn 0.0000 0.8944 0.4472
vn 0.0000 -0.4472 0.8944
vn 0.0000 -0.5547 0.8321
vn 0.3015 0.3015 0.9045
vn 0.8944 0.0000 0.4472
vn 0.0000 0.7071 0.7071
vn 0.0000 0.0000 1.0000
vn -0.4851 0.4851 0.7276
vn -0.4472 0.0000 0.8944
vn -0.2673 -0.5345 0.8018
vn 0.5345 -0.2673 0.8018
vn 0.3333 -0.6667 0.6667
vn -0.8165 -0.4082 0.4082
vn -0.2673 0.5345 0.8018
vn 0.5345 0.2673 0.8018
vn 0.4472 0.8944 0.0000
vn -0.8944 0.4472 0.0000
vn 0.2673 -0.5345 0.8018
vn -0.5345 -0.2673 0.8018
vn -0.4472 -0.8944 0.0000
vn 0.8944 -0.4472 0.0000
vn -0.5345 0.2673 0.8018
vn 0.2673 0.5345 0.8018
vn -0.3333 0.6667 0.6667
vn 0.8165 0.4082 0.4082
vn 0.0000 0.7071 0.7071
vn 0.0000 0.7071 0.7071
vn 0.0000 0.7071 -0.7071
vn 0.0000 0.7071 -0.7071
vn 0.0000 -0.8944 0.4472
vn 0.0000 -0.4472 -0.8944
vn 0.0000 -0.8944 -0.4472
vn 0.0000 -0.4472 0.8944
vn -0.2673 -0.5345 0.8018
vn 0.5345 -0.2673 0.8018
vn 0.3333 -0.6667 0.6667
vn -0.8165 -0.4082 0.4082
vn -0.2673 0.5345 0.8018
vn 0.5345 0.2673 0.8018
vn 0.4472 0.8944 0.0000
vn -0.8944 0.4472 0.0000
vn 0.2673 -0.5345 0.8018
vn -0.5345 -0.2673 0.8018
vn -0.4472 -0.8944 0.0000
vn 0.8944 -0.4472 0.0000
vn -0.5345 0.2673 0.8018
vn 0.2673 0.5345 0.8018
vn -0.3333 0.6667 0.6667
vn 0.8165 0.4082 0.4082
vn 0.0000 0.7071 0.7071
vn 0.0000 0.7071 0.7071
vn 0.0000 0.7071 -0.7071
vn 0.0000 0.7071 -0.7071
vn 0.0000 -0.8944 0.4472
vn 0.0000 -0.4472 -0.8944
vn 0.0000 -0.8944 -0.4472
vn 0.0000 -0.4472 0.8944
vn 0.0000 0.7071 0.7071
vn 0.0000 0.7071 0.7071
vn 0.0000 0.7071 0.7071
vn 0.0000 0.7071 0.7071
vn 0.0000 0.8944 0.4472
vn 0.0000 0.4472 0.8944
vn 0.0000 0.8944 0.4472
vn 0.0000 0.4472 0.8944
vn 0.7071 0.0000 0.7071
vn 0.7071 0.0000 0.7071
vn 0.7071 0.0000 0.7071
vn 0.7071 0.0000 0.7071
vn -0.8944 0.0000 0.4472
vn -0.4472 0.0000 0.8944
vn -0.8944 0.0000 0.4472
vn -0.4472 0.0000 0.8944
vn 0.7071 0.0000 0.7071
vn 0.7071 0.0000 0.7071
vn 0.7071 0.0000 0.7071
vn 0.7071 0.0000 0.7071
vn -0.8944 0.0000 0.4472
vn -0.4472 0.0000 0.8944
vn -0.8944 0.0000 0.4472
vn -0.4472 0.0000 0.8944
vn -0.4007 0.7071 0.5826
vn -0.4007 0.7071 0.5826
vn 0.4007 0.7071 -0.5826
vn 0.4007 0.7071 -0.5826
vn -0.2534 -0.8944 0.3685
vn 0.5068 -0.4472 -0.7370
vn 0.2534 -0.8944 -0.3685
vn -0.5068 -0.4472 0.7370
vn 0.1818 0.0000 0.9833
vn 0.1818 0.0000 0.9833
vn 0.9833 0.0000 -0.1820
vn 0.9833 0.0000 -0.1820
vn -0.9904 0.0000 -0.1383
vn 0.1382 0.0000 -0.9904
vn -0.4837 0.0000 -0.8752
vn -0.8754 0.0000 0.4835
vn 0.1821 0.0000 0.9833
vn 0.1821 0.0000 0.9833
vn 0.1819 0.0000 0.9833
vn 0.1819 0.0000 0.9833
vn -0.9904 0.0000 -0.1384
vn -0.8754 0.0000 0.4834
vn -0.9904 0.0000 -0.1384
vn -0.8753 0.0000 0.4836
vn -0.7071 -0.7071 0.0000
vn 0.7071 -0.7071 0.0000
vn 0.4082 -0.8165 0.4082
vn -0.6667 -0.3333 0.6667
vn 0.5858 0.7071 0.3961
vn -0.5858 0.7071 -0.3960
vn -0.5668 0.8165 0.1096
vn 0.1790 0.3333 0.9257
vn -0.0062 -0.2673 0.9636
vn -0.2276 0.5345 0.8139
vn -0.0061 0.2673 0.9636
vn -0.2276 -0.5345 0.8139
vn -0.6705 -0.5345 0.5145
vn -0.8919 -0.2673 0.3648
vn -0.5858 -0.7071 -0.3960
vn -0.8919 0.2672 0.3649
vn -0.6704 -0.5345 0.5146
vn -0.2276 0.5345 0.8139
vn 0.5345 -0.2673 0.8018
vn 0.2673 0.5345 0.8018
vn 0.5345 0.2673 0.8018
vn 0.2673 -0.5345 0.8018
vn -0.2673 -0.5345 0.8018
vn 0.5345 -0.2673 0.8018
vn -0.5345 0.2673 0.8018
vn -0.2673 0.5345 0.8018
vn 0.7071 0.7071 0.0000
vn 0.2673 0.5345 0.8018
vn -0.9257 -0.3333 0.1789
vn 0.1096 -0.8165 0.5668
vn 0.5858 -0.7071 0.3960
vn 0.6667 0.3333 0.6667
vn -0.4082 0.8165 0.4082
vn -0.7071 0.7071 0.0000
vn -0.0063 -0.2672 0.9636
vn -0.6704 0.5345 0.5146
vn -0.8919 0.2673 0.3648
vn -0.5345 0.2673 0.8018
vn -0.5345 -0.2673 0.8018
vn -0.2673 -0.5345 0.8018
vn 0.0000 0.7071 0.7071
vn 0.0000 0.7071 0.7071
vn 0.0000 0.7071 0.7071
vn 0.0000 0.7071 0.7071
vn 0.0000 0.8944 0.4472
vn 0.0000 0.4472 0.8944
vn 0.0000 0.8944 0.4472
vn 0.0000 0.4472 0.8944
vn -0.7071 0.0000 0.7071
vn -0.7071 0.0000 0.7071
vn -0.7071 0.0000 0.7071
vn -0.7071 0.0000 0.7071
vn 0.8944 0.0000 0.4472
vn 0.4472 0.0000 0.8944
vn 0.8944 0.0000 0.4472
vn 0.4472 0.0000 0.8944
vn -0.7071 0.0000 0.7071
vn -0.7071 0.0000 0.7071
vn -0.7071 0.0000 0.7071
vn -0.7071 0.0000 0.7071
vn 0.8944 0.0000 0.4472
vn 0.4472 0.0000 0.8944
vn 0.8944 0.0000 0.4472
vn 0.4472 0.0000 0.8944
vn 0.4007 0.7071 0.5826
vn -0.4007 0.7071 -0.5826
vn -0.4007 0.7071 -0.5826
vn 0.4007 0.7071 0.5826
vn 0.2534 -0.8944 0.3685
vn 0.5068 -0.4472 0.7370
vn -0.2534 -0.8944 -0.3685
vn -0.5068 -0.4472 -0.7370
vn -0.1818 0.0000 0.9833
vn -0.9833 0.0000 -0.1820
vn -0.9833 0.0000 -0.1820
vn -0.1818 0.0000 0.9833
vn 0.9904 0.0000 -0.1383
vn 0.8754 0.0000 0.4835
vn 0.4837 0.0000 -0.8752
vn -0.1382 0.0000 -0.9904
vn -0.1821 0.0000 0.9833
vn -0.1819 0.0000 0.9833
vn -0.1819 0.0000 0.9833
vn -0.1821 0.0000 0.9833
vn 0.9904 0.0000 -0.1384
vn 0.8753 0.0000 0.4836
vn 0.9904 0.0000 -0.1384
vn 0.8754 0.0000 0.4834
vn 0.7071 -0.7071 0.0000
vn 0.6667 -0.3333 0.6667
vn -0.4082 -0.8165 0.4082
vn -0.7071 -0.7071 0.0000
vn -0.5858 0.7071 0.3961
vn -0.1790 0.3333 0.9257
vn 0.5668 0.8165 0.1096
vn 0.5858 0.7071 -0.3960
vn 0.0062 -0.2673 0.9636
vn 0.2276 -0.5345 0.8139
vn 0.0061 0.2673 0.9636
vn 0.2276 0.5345 0.8139
vn 0.6705 -0.5345 0.5145
vn 0.8919 -0.2673 0.3648
vn 0.5858 -0.7071 -0.3960
vn 0.6704 -0.5345 0.5146
vn 0.8919 0.2672 0.3649
vn 0.2276 0.5345 0.8139
vn -0.5345 -0.2673 0.8018
vn -0.2673 -0.5345 0.8018
vn -0.5345 0.2673 0.8018
vn -0.2673 0.5345 0.8018
vn -0.5345 -0.2673 0.8018
vn 0.2673 -0.5345 0.8018
vn 0.2673 0.5345 0.8018
vn 0.5345 0.2673 0.8018
vn -0.7071 0.7071 0.0000
vn -0.2673 0.5345 0.8018
vn 0.9257 -0.3333 0.1789
vn -0.1096 -0.8165 0.5668
vn -0.5858 -0.7071 0.3960
vn 0.4082 0.8165 0.4082
vn -0.6667 0.3333 0.6667
vn 0.7071 0.7071 0.0000
vn 0.6704 0.5345 0.5146
vn 0.0063 -0.2672 0.9636
vn 0.8919 0.2673 0.3648
vn 0.5345 0.2673 0.8018
vn 0.5345 -0.2673 0.8018
vn 0.2673 -0.5345 0.8018
vn -0.7071 0.7071 0.0000
vn -0.7071 0.7071 0.0000
vn 0.7071 0.7071 0.0000
vn 0.7071 0.7071 0.0000
vn -0.4472 -0.8944 0.0000
vn 0.8944 -0.4472 0.0000
vn 0.4472 -0.8944 0.0000
vn -0.8944 -0.4472 0.0000
vn -0.7071 0.0000 0.7071
vn -0.7071 0.0000 0.7071
vn 0.7071 0.0000 0.7071
vn 0.7071 0.0000 0.7071
vn -0.4472 0.0000 -0.8944
vn 0.8944 0.0000 -0.4472
vn 0.4472 0.0000 -0.8944
vn -0.8944 0.0000 -0.4472
vn -0.7071 0.0000 0.7071
vn -0.7071 0.0000 0.7071
vn -0.7071 0.0000 0.7071
vn -0.7071 0.0000 0.7071
vn -0.4472 0.0000 -0.8944
vn -0.8944 0.0000 -0.4472
vn -0.4472 0.0000 -0.8944
vn -0.8944 0.0000 -0.4472
vn -0.7071 0.0000 0.7071
vn -0.7071 0.0000 0.7071
vn 0.7071 0.0000 0.7071
vn 0.7071 0.0000 0.7071
vn -0.4472 0.0000 -0.8944
vn 0.8944 0.0000 -0.4472
vn 0.4472 0.0000 -0.8944
vn -0.8944 0.0000 -0.4472
vn -0.7071 0.0000 0.7071
vn -0.7071 0.0000 0.7071
vn 0.7071 0.0000 0.7071
vn 0.7071 0.0000 0.7071
vn -0.4472 0.0000 -0.8944
vn 0.8944 0.0000 -0.4472
vn 0.4472 0.0000 -0.8944
vn -0.8944 0.0000 -0.4472
vn -0.4082 -0.8165 -0.4082
vn -0.8018 -0.2673 -0.5345
vn -0.8018 -0.5345 0.2673
vn -0.6667 -0.3333 0.6667
vn -0.4082 -0.8165 -0.4082
vn -0.8018 -0.2673 -0.5345
vn -0.8018 -0.5345 0.2673
vn -0.6667 -0.3333 0.6667
vn -0.8018 -0.2673 -0.5345
vn -0.8018 0.5345 -0.2673
vn -0.8018 -0.5345 0.2673
vn -0.8018 0.2673 0.5345
vn -0.8018 -0.5345 0.2673
vn -0.8018 -0.2673 -0.5345
vn -0.4082 0.8165 0.4082
vn -0.6667 0.3333 -0.6667
vn -0.4082 0.8165 0.4082
vn -0.6667 0.3333 -0.6667
vn -0.8018 0.2673 0.5345
vn -0.8018 0.5345 -0.2673
vn -0.8018 0.2673 0.5345
vn -0.8018 0.5345 -0.2673
vn -0.8018 0.5345 -0.2673
vn -0.8018 0.2673 0.5345
vn 0.7071 0.7071 0.0000
vn -0.7071 0.7071 0.0000
vn -0.7071 0.7071 0.0000
vn 0.7071 0.7071 0.0000
vn 0.4472 -0.8944 0.0000
vn 0.8944 -0.4472 0.0000
vn -0.4472 -0.8944 0.0000
vn -0.8944 -0.4472 0.0000
vn 0.7071 0.0000 0.7071
vn -0.7071 0.0000 0.7071
vn -0.7071 0.0000 0.7071
vn 0.7071 0.0000 0.7071
vn 0.4472 0.0000 -0.8944
vn 0.8944 0.0000 -0.4472
vn -0.4472 0.0000 -0.8944
vn -0.8944 0.0000 -0.4472
vn 0.7071 0.0000 0.7071
vn 0.7071 0.0000 0.7071
vn 0.7071 0.0000 0.7071
vn 0.7071 0.0000 0.7071
vn 0.4472 0.0000 -0.8944
vn 0.8944 0.0000 -0.4472
vn 0.4472 0.0000 -0.8944
vn 0.8944 0.0000 -0.4472
vn 0.7071 0.0000 0.7071
vn -0.7071 0.0000 0.7071
vn -0.7071 0.0000 0.7071
vn 0.7071 0.0000 0.7071
vn 0.4472 0.0000 -0.8944
vn 0.8944 0.0000 -0.4472
vn -0.4472 0.0000 -0.8944
vn -0.8944 0.0000 -0.4472
vn 0.7071 0.0000 0.7071
vn -0.7071 0.0000 0.7071
vn -0.7071 0.0000 0.7071
vn 0.7071 0.0000 0.7071
vn 0.4472 0.0000 -0.8944
vn 0.8944 0.0000 -0.4472
vn -0.4472 0.0000 -0.8944
vn -0.8944 0.0000 -0.4472
vn 0.4082 -0.8165 -0.4082
vn 0.6667 -0.3333 0.6667
vn 0.8018 -0.5345 0.2673
vn 0.8018 -0.2673 -0.5345
vn 0.4082 -0.8165 -0.4082
vn 0.6667 -0.3333 0.6667
vn 0.8018 -0.5345 0.2673
vn 0.8018 -0.2673 -0.5345
vn 0.8018 0.5345 -0.2673
vn 0.8018 -0.2673 -0.5345
vn 0.8018 -0.5345 0.2673
vn 0.8018 0.2673 0.5345
vn 0.8018 -0.2673 -0.5345
vn 0.8018 -0.5345 0.2673
vn 0.6667 0.3333 -0.6667
vn 0.4082 0.8165 0.4082
vn 0.6667 0.3333 -0.6667
vn 0.4082 0.8165 0.4082
vn 0.8018 0.5345 -0.2673
vn 0.8018 0.2673 0.5345
vn 0.8018 0.5345 -0.2673
vn 0.8018 0.2673 0.5345
vn 0.8018 0.5345 -0.2673
vn 0.8018 0.2673 0.5345
vn -0.4472 0.0000 -0.8944
vn -0.8944 0.0000 -0.4472
vn -0.4472 0.0000 -0.8944
vn -0.8944 0.0000 -0.4472
vn 0.0000 -0.8944 -0.4472
vn 0.0000 -0.4472 0.8944
vn -0.8018 -0.5345 0.2673
vn -0.8018 -0.2673 -0.5345
vn -0.3333 0.6667 0.6667
vn -0.9045 0.3015 0.3015
vn -0.7276 0.4851 -0.4851
vn -0.8165 0.4082 -0.4082
vn 0.0000 0.4472 -0.8944
vn -0.8018 0.5345 -0.2673
vn -0.6667 -0.6667 0.3333
vn -0.4082 -0.4082 -0.8165
vn -0.8018 -0.5345 -0.2673
vn -0.8018 -0.2673 0.5345
vn -0.7071 0.7071 0.0000
vn -0.7071 0.7071 0.0000
vn -0.7071 0.7071 0.0000
vn -0.7071 0.7071 0.0000
vn -0.4472 -0.8944 0.0000
vn -0.8944 -0.4472 0.0000
vn -0.4472 -0.8944 0.0000
vn -0.8944 -0.4472 0.0000
vn -0.8018 0.2673 0.5345
vn 0.0000 0.8944 0.4472
vn -0.7071 0.0000 0.7071
vn -0.7071 0.0000 0.7071
vn -0.7071 0.0000 0.7071
vn -0.7071 0.0000 0.7071
vn 0.4472 0.0000 -0.8944
vn 0.8944 0.0000 -0.4472
vn 0.4472 0.0000 -0.8944
vn 0.8944 0.0000 -0.4472
vn 0.0000 -0.8944 -0.4472
vn 0.8018 -0.2673 -0.5345
vn 0.8018 -0.5345 0.2673
vn 0.0000 -0.4472 0.8944
vn 0.3333 0.6667 0.6667
vn 0.8165 0.4082 -0.4082
vn 0.7276 0.4851 -0.4851
vn 0.9045 0.3015 0.3015
vn 0.0000 0.4472 -0.8944
vn 0.8018 0.5345 -0.2673
vn 0.6667 -0.6667 0.3333
vn 0.4082 -0.4082 -0.8165
vn 0.8018 -0.5345 -0.2673
vn 0.8018 -0.2673 0.5345
vn 0.7071 0.7071 0.0000
vn 0.7071 0.7071 0.0000
vn 0.7071 0.7071 0.0000
vn 0.7071 0.7071 0.0000
vn 0.4472 -0.8944 0.0000
vn 0.8944 -0.4472 0.0000
vn 0.4472 -0.8944 0.0000
vn 0.8944 -0.4472 0.0000
vn 0.8018 0.2673 0.5345
vn 0.0000 0.8944 0.4472
vn 0.7071 0.0000 0.7071
vn 0.7071 0.0000 0.7071
vn 0.7071 0.0000 0.7071
vn 0.7071 0.0000 0.7071
vn 0.0000 0.0000 1.0000
vn 0.0000 0.0000 1.0000
vn 0.0000 0.0000 1.0000
vn 0.0000 0.0000 1.0000
vn 0.3333 0.6667 0.6667
vn -0.8165 0.4082 0.4082
vn -0.3333 0.6667 -0.6667
vn 0.8165 0.4082 -0.4082
vn 0.6667 -0.6667 0.3333
vn 0.4082 -0.4082 -0.8165
vn -0.6667 -0.6667 -0.3333
vn -0.4082 -0.4082 0.8165
vn 0.4851 -0.4851 0.7276
vn 0.7071 -0.7071 0.0000
vn -0.4472 -0.8944 0.0000
vn -0.5345 -0.2673 0.8018
vn 0.4851 0.4851 0.7276
vn 0.7071 0.7071 0.0000
vn 0.8944 -0.4472 0.0000
vn 0.2673 -0.5345 0.8018
vn -0.5345 0.2673 0.8018
vn -0.4472 0.8944 0.0000
vn -0.7071 0.7071 0.0000
vn -0.3015 0.3015 0.9045
vn 0.2673 0.5345 0.8018
vn 0.8944 0.4472 0.0000
vn -0.3015 -0.3015 0.9045
vn -0.7071 -0.7071 0.0000
vn -0.4851 0.4851 0.7276
vn 0.5345 0.2673 0.8018
vn 0.4472 0.8944 0.0000
vn -0.7071 0.7071 0.0000
vn -0.4851 -0.4851 0.7276
vn -0.2673 0.5345 0.8018
vn -0.8944 0.4472 0.0000
vn -0.7071 -0.7071 0.0000
vn 0.4472 -0.8944 0.0000
vn 0.5345 -0.2673 0.8018
vn 0.3015 -0.3015 0.9045
vn 0.7071 -0.7071 0.0000
vn -0.2673 -0.5345 0.8018
vn -0.8944 -0.4472 0.0000
vn 0.7071 0.7071 0.0000
vn 0.3015 0.3015 0.9045
vn 0.0000 0.0000 1.0000
vn 0.0000 0.0000 1.0000
vn 0.0000 0.0000 1.0000
vn 0.0000 0.0000 1.0000
vn 0.3333 0.6667 0.6667
vn -0.8165 0.4082 0.4082
vn -0.3333 0.6667 -0.6667
vn 0.8165 0.4082 -0.4082
vn 0.6667 -0.6667 0.3333
vn 0.4082 -0.4082 -0.8165
vn -0.6667 -0.6667 -0.3333
vn -0.4082 -0.4082 0.8165
vn 0.4851 -0.4851 0.7276
vn 0.7071 -0.7071 0.0000
vn -0.4472 -0.8944 0.0000
vn -0.5345 -0.2673 0.8018
vn 0.4851 0.4851 0.7276
vn 0.7071 0.7071 0.0000
vn 0.8944 -0.4472 0.0000
vn 0.2673 -0.5345 0.8018
vn -0.5345 0.2673 0.8018
vn -0.4472 0.8944 0.0000
vn -0.7071 0.7071 0.0000
vn -0.3015 0.3015 0.9045
vn 0.2673 0.5345 0.8018
vn 0.8944 0.4472 0.0000
vn -0.3015 -0.3015 0.9045
vn -0.7071 -0.7071 0.0000
vn -0.4851 0.4851 0.7276
vn 0.5345 0.2673 0.8018
vn 0.4472 0.8944 0.0000
vn -0.7071 0.7071 0.0000
vn -0.4851 -0.4851 0.7276
vn -0.2673 0.5345 0.8018
vn -0.8944 0.4472 0.0000
vn -0.7071 -0.7071 0.0000
vn 0.4472 -0.8944 0.0000
vn 0.5345 -0.2673 0.8018
vn 0.3015 -0.3015 0.9045
vn 0.7071 -0.7071 0.0000
vn -0.2673 -0.5345 0.8018
vn -0.8944 -0.4472 0.0000
vn 0.7071 0.7071 0.0000
vn 0.3015 0.3015 0.9045
vn -0.6300 0.2891 -0.7208
vn -0.8036 -0.3794 0.4586
vn -0.1527 0.6191 0.7703
vn 0.1506 0.6208 -0.7693
vn 0.6351 0.2844 0.7182
vn 0.8038 -0.3767 -0.4604
vn 0.0117 -0.9552 -0.2958
vn -0.1515 -0.6177 -0.7717
vn 0.1527 -0.6191 0.7703
vn 0.0063 -0.6293 0.7772
vn -0.0096 -0.9554 0.2950
vn -0.0146 -0.6270 -0.7788
vn -0.6300 0.2891 -0.7208
vn -0.8036 -0.3794 0.4586
vn -0.1528 0.6191 0.7703
vn 0.1506 0.6208 -0.7693
vn 0.6351 0.2844 0.7182
vn 0.8038 -0.3767 -0.4604
vn 0.0117 -0.9552 -0.2958
vn -0.1515 -0.6177 -0.7717
vn 0.1527 -0.6191 0.7703
vn 0.0063 -0.6293 0.7772
vn -0.0096 -0.9554 0.2950
vn -0.0146 -0.6270 -0.7788
vn -0.3810 -0.9225 -0.0613
vn 0.3810 -0.7703 -0.5114
vn 0.7023 -0.4705 0.5342
vn -0.7023 0.0496 0.7102
vn 0.3303 -0.1915 -0.9243
vn 0.8194 -0.5612 0.1164
vn -0.5815 -0.7966 0.1652
vn -0.5733 -0.1662 -0.8023
vn 0.8542 -0.4614 0.2398
vn -0.8542 -0.4616 -0.2393
vn 0.8541 0.4617 0.2394
vn -0.8541 0.4615 -0.2397
vn -0.5949 -0.6813 0.4266
vn -0.7107 -0.7035 0.0000
vn -0.4082 -0.4082 0.8165
vn 0.5721 -0.7419 0.3498
vn -0.6160 -0.5968 0.5142
vn 0.6279 -0.4775 0.6146
vn -0.8420 -0.5395 0.0000
vn -0.4082 0.8165 0.4082
vn -0.8944 0.4472 0.0000
vn 0.4082 -0.8165 0.4082
vn -1.0000 0.0000 0.0000
vn -0.4472 0.8624 0.2372
vn -0.7071 0.6818 0.1876
vn 0.4082 0.4082 0.8165
vn 0.7071 0.7071 0.0000
vn 0.7108 -0.7034 0.0000
vn 0.8420 -0.5395 0.0000
vn 1.0000 0.0000 0.0000
vn 0.4472 0.8624 0.2372
vn 0.7071 0.6818 0.1876
vn 1.0000 0.0000 0.0000
vn 0.8213 -0.5705 0.0000
vn 0.6064 -0.4213 0.6743
vn 0.3162 0.0000 0.9487
vn -0.5547 0.0000 0.8321
vn -0.3944 -0.2740 0.8771
vn -0.8213 -0.5706 0.0000
vn -1.0000 0.0000 0.0000
vn -0.5266 -0.5813 0.6203
vn -0.9288 -0.3706 0.0000
vn 0.6714 -0.7411 0.0000
vn 0.8637 -0.3446 0.3677
vn -0.7071 -0.0007 0.7071
vn 0.3162 -0.0006 0.9487
vn 0.0000 -0.0019 1.0000
vn -1.0000 0.0000 0.0000
vn 1.0000 0.0000 0.0000
vn 0.0000 0.0000 1.0000
vn 0.0000 0.0000 1.0000
vn 0.0000 0.0000 1.0000
vn 0.0000 0.0000 1.0000
vn 0.0000 0.0000 1.0000
vn 0.0000 0.0000 1.0000
vn 0.0000 0.0000 1.0000
vn 0.0000 0.0000 1.0000
vn 0.0000 0.0000 1.0000
vn 0.0000 0.0000 1.0000
vn 1.0000 0.0000 0.0000
vn 0.8213 -0.5706 0.0000
vn 0.6064 -0.4213 0.6743
vn 0.3162 0.0000 0.9487
vn -0.5547 0.0000 0.8321
vn -0.3944 -0.2740 0.8771
vn -0.8213 -0.5706 0.0000
vn -1.0000 0.0000 0.0000
vn -0.5266 -0.5813 0.6203
vn -0.9288 -0.3706 0.0000
vn 0.6714 -0.7411 0.0000
vn 0.8637 -0.3446 0.3677
vn -0.7071 -0.0007 0.7071
vn 0.3162 -0.0006 0.9487
vn 0.0000 -0.0019 1.0000
vn -1.0000 0.0000 0.0000
vn 1.0000 0.0000 0.0000
vn 0.0000 0.0000 1.0000
vn 0.0000 0.0000 1.0000
vn 0.0000 0.0000 1.0000
vn 0.0000 0.0000 1.0000
vn 0.0000 0.0000 1.0000
vn 0.0000 0.0000 1.0000
vn 0.0000 0.0000 1.0000
vn 0.0000 0.0000 1.0000
vn 0.0000 0.0000 1.0000
vn 0.0000 0.0000 1.0000
vn 0.3333 0.6667 -0.6667
vn 0.8944 0.0000 -0.4472
vn -0.7071 0.0000 -0.7071
vn -0.5774 0.5774 -0.5774
vn -0.7071 0.0000 0.7071
vn -0.5774 0.5774 0.5774
vn 0.8165 0.4082 0.4082
vn 0.4472 0.0000 0.8944
vn -1.0000 0.0000 0.0000
vn -0.8287 -0.0000 0.5597
vn -0.7333 0.0000 0.6799
vn -0.2885 0.1717 0.9419
vn -0.2929 -0.0000 0.9561
vn 0.0000 0.1644 0.9864
vn 0.0000 -0.0000 1.0000
vn 0.2885 0.1717 0.9419
vn 1.0000 0.0000 0.0000
vn 0.7333 0.0000 0.6799
vn 0.8287 -0.0000 0.5597
vn 0.2929 -0.0000 0.9561

usemtl mat_walls
f 1//1 2//2 3//3
f 1//1 3//3 4//4
f 5//5 6//6 7//7
f 5//5 7//7 8//8
f 9//9 10//10 2//2
f 9//9 2//2 1//1
f 15//15 16//16 12//12
f 15//15 12//12 11//11
f 11//11 10//10 9//9
f 11//11 9//9 15//15
f 18//18 13//13 12//12
f 18//18 12//12 16//16
f 18//18 17//17 14//14
f 18//18 14//14 13//13
f 7//7 6//6 14//14
f 7//7 14//14 17//17
f 19//19 20//20 21//21
f 19//19 21//21 22//22
f 23//23 24//24 25//25
f 23//23 25//25 26//26
f 27//27 28//28 20//20
f 27//27 20//20 19//19
f 33//33 34//34 30//30
f 33//33 30//30 29//29
f 29//29 28//28 27//27
f 29//29 27//27 33//33
f 36//36 31//31 30//30
f 36//36 30//30 34//34
f 36//36 35//35 32//32
f 36//36 32//32 31//31
f 25//25 24//24 32//32
f 25//25 32//32 35//35
f 37//37 38//38 39//39
f 40//40 37//37 41//41
f 42//42 43//43 44//44
f 45//45 46//46 47//47
f 43//43 38//38 48//48
f 43//43 48//48 44//44
f 38//38 40//40 48//48
f 43//43 42//42 47//47
f 43//43 47//47 46//46
f 42//42 40//40 41//41
f 42//42 41//41 47//47
f 45//45 37//37 46//46
f 54//54 50//50 53//53
f 56//56 54//54 55//55
f 56//56 55//55 43//43
f 60//60 61//61 57//57
f 60//60 57//57 59//59
f 62//62 63//63 64//64
f 65//65 66//66 67//67
f 64//64 63//63 68//68
f 57//57 61//61 69//69
f 59//59 68//68 60//60
f 64//64 67//67 66//66
f 64//64 66//66 62//62
f 62//62 66//66 61//61
f 65//65 67//67 57//57
f 65//65 57//57 69//69
f 74//74 71//71 70//70
f 76//76 64//64 75//75
f 37//37 57//57 67//67
f 37//37 67//67 46//46
f 77//77 78//78 79//79
f 77//77 79//79 80//80
f 81//81 82//82 83//83
f 80//80 79//79 85//85
f 80//80 85//85 86//86
f 78//78 77//77 87//87
f 78//78 87//87 88//88
f 79//79 78//78 88//88
f 79//79 88//88 85//85
f 77//77 80//80 86//86
f 77//77 86//86 87//87
f 89//89 82//82 88//88
f 89//89 88//88 87//87
f 90//90 89//89 87//87
f 90//90 87//87 86//86
f 81//81 90//90 86//86
f 81//81 86//86 85//85
f 82//82 81//81 85//85
f 82//82 85//85 88//88
f 91//91 84//84 92//92
f 89//89 90//90 91//91
f 89//89 91//91 94//94
f 90//90 84//84 91//91
f 82//82 89//89 94//94
f 93//93 92//92 95//95
f 93//93 95//95 96//96
f 83//83 97//97 98//98
f 84//84 83//83 98//98
f 94//94 91//91 93//93
f 94//94 93//93 97//97
f 99//99 95//95 100//100
f 98//98 97//97 99//99
f 92//92 98//98 100//100
f 92//92 100//100 95//95
f 97//97 96//96 99//99
f 101//101 102//102 103//103
f 101//101 103//103 104//104
f 105//105 106//106 107//107
f 105//105 107//107 108//108
f 102//102 109//109 110//110
f 102//102 110//110 103//103
f 104//104 111//111 112//112
f 104//104 112//112 101//101
f 103//103 110//110 111//111
f 103//103 111//111 104//104
f 101//101 112//112 109//109
f 101//101 109//109 102//102
f 113//113 112//112 111//111
f 113//113 111//111 108//108
f 114//114 109//109 112//112
f 114//114 112//112 113//113
f 105//105 110//110 109//109
f 105//105 109//109 114//114
f 108//108 111//111 110//110
f 108//108 110//110 105//105
f 115//115 116//116 117//117
f 115//115 117//117 106//106
f 113//113 115//115 114//114
f 114//114 115//115 106//106
f 108//108 107//107 118//118
f 108//108 118//118 113//113
f 116//116 120//120 117//117
f 107//107 121//121 122//122
f 106//106 117//117 121//121
f 106//106 121//121 107//107
f 118//118 116//116 115//115
f 123//123 124//124 120//120
f 121//121 124//124 123//123
f 121//121 123//123 122//122
f 117//117 124//124 121//121
f 122//122 123//123 119//119
f 125//125 126//126 127//127
f 125//125 127//127 128//128
f 129//129 131//131 132//132
f 126//126 133//133 134//134
f 126//126 134//134 127//127
f 128//128 135//135 136//136
f 128//128 136//136 125//125
f 127//127 134//134 135//135
f 127//127 135//135 128//128
f 125//125 136//136 133//133
f 125//125 133//133 126//126
f 137//137 136//136 135//135
f 137//137 135//135 132//132
f 138//138 133//133 136//136
f 138//138 136//136 137//137
f 129//129 134//134 133//133
f 129//129 133//133 138//138
f 132//132 135//135 134//134
f 132//132 134//134 129//129
f 139//139 141//141 130//130
f 137//137 142//142 139//139
f 138//138 139//139 130//130
f 138//138 130//130 129//129
f 132//132 142//142 137//137
f 140//140 143//143 144//144
f 131//131 145//145 146//146
f 131//131 146//146 142//142
f 130//130 145//145 131//131
f 142//142 146//146 140//140
f 147//147 148//148 144//144
f 147//147 144//144 143//143
f 145//145 147//147 146//146
f 141//141 144//144 148//148
f 146//146 147//147 143//143
f 146//146 143//143 140//140
f 149//149 150//150 151//151
f 149//149 151//151 152//152
f 153//153 154//154 155//155
f 152//152 151//151 157//157
f 152//152 157//157 158//158
f 150//150 149//149 159//159
f 150//150 159//159 160//160
f 151//151 150//150 160//160
f 151//151 160//160 157//157
f 149//149 152//152 158//158
f 149//149 158//158 159//159
f 161//161 154//154 160//160
f 161//161 160//160 159//159
f 162//162 161//161 159//159
f 162//162 159//159 158//158
f 153//153 162//162 158//158
f 153//153 158//158 157//157
f 154//154 153//153 157//157
f 154//154 157//157 160//160
f 163//163 156//156 164//164
f 161//161 162//162 163//163
f 161//161 163//163 166//166
f 162//162 156//156 163//163
f 154//154 161//161 166//166
f 165//165 164//164 167//167
f 165//165 167//167 168//168
f 155//155 169//169 170//170
f 156//156 155//155 170//170
f 166//166 163//163 165//165
f 166//166 165//165 169//169
f 171//171 167//167 172//172
f 170//170 169//169 171//171
f 164//164 170//170 172//172
f 164//164 172//172 167//167
f 169//169 168//168 171//171
f 177//177 176//176 201//201
f 179//179 178//178 203//203
f 179//179 203//203 204//204
f 181//181 180//180 205//205
f 181//181 205//205 206//206
f 183//183 182//182 207//207
f 183//183 207//207 208//208
f 185//185 184//184 209//209
f 185//185 209//209 210//210
f 187//187 186//186 211//211
f 187//187 211//211 212//212
f 189//189 188//188 213//213
f 189//189 213//213 214//214
f 191//191 190//190 215//215
f 191//191 215//215 216//216
f 193//193 192//192 217//217
f 193//193 217//217 218//218
f 195//195 194//194 219//219
f 195//195 219//219 220//220
f 197//197 196//196 221//221
f 197//197 221//221 222//222
f 199//199 198//198 223//223
f 199//199 223//223 224//224
f 229//229 230//230 231//231
f 255//255 261//261 262//262
f 255//255 262//262 256//256
f 253//253 263//263 264//264
f 253//253 264//264 254//254
f 251//251 265//265 266//266
f 251//251 266//266 252//252
f 249//249 267//267 268//268
f 249//249 268//268 250//250
f 247//247 269//269 270//270
f 247//247 270//270 248//248
f 245//245 271//271 272//272
f 245//245 272//272 246//246
f 243//243 273//273 274//274
f 243//243 274//274 244//244
f 241//241 275//275 276//276
f 241//241 276//276 242//242
f 239//239 277//277 278//278
f 239//239 278//278 240//240
f 237//237 279//279 280//280
f 237//237 280//280 238//238
f 235//235 281//281 282//282
f 235//235 282//282 236//236
f 233//233 283//283 284//284
f 233//233 284//284 234//234
f 184//184 183//183 249//249
f 184//184 249//249 248//248
f 289//289 290//290 291//291
f 289//289 291//291 292//292
f 293//293 294//294 295//295
f 293//293 295//295 296//296
f 297//297 298//298 299//299
f 297//297 299//299 300//300
f 191//191 216//216 275//275
f 191//191 275//275 241//241
f 201//201 176//176 256//256
f 186//186 185//185 247//247
f 186//186 247//247 246//246
f 301//301 302//302 303//303
f 301//301 303//303 304//304
f 215//215 190//190 242//242
f 215//215 242//242 276//276
f 179//179 204//204 263//263
f 179//179 263//263 253//253
f 188//188 187//187 245//245
f 188//188 245//245 244//244
f 224//224 227//227 287//287
f 224//224 287//287 283//283
f 325//325 326//326 315//315
f 325//325 315//315 314//314
f 222//222 223//223 284//284
f 222//222 284//284 281//281
f 193//193 218//218 277//277
f 193//193 277//277 239//239
f 203//203 178//178 254//254
f 203//203 254//254 264//264
f 190//190 189//189 243//243
f 190//190 243//243 242//242
f 220//220 221//221 282//282
f 220//220 282//282 279//279
f 327//327 328//328 329//329
f 327//327 329//329 330//330
f 331//331 332//332 319//319
f 331//331 319//319 318//318
f 218//218 219//219 280//280
f 218//218 280//280 277//277
f 217//217 192//192 240//240
f 217//217 240//240 278//278
f 181//181 206//206 265//265
f 181//181 265//265 251//251
f 192//192 191//191 241//241
f 192//192 241//241 240//240
f 216//216 217//217 278//278
f 216//216 278//278 275//275
f 333//333 334//334 323//323
f 333//333 323//323 322//322
f 214//214 215//215 276//276
f 214//214 276//276 273//273
f 195//195 220//220 279//279
f 195//195 279//279 237//237
f 205//205 180//180 252//252
f 205//205 252//252 266//266
f 194//194 193//193 239//239
f 194//194 239//239 238//238
f 212//212 213//213 274//274
f 212//212 274//274 271//271
f 210//210 211//211 272//272
f 210//210 272//272 269//269
f 219//219 194//194 238//238
f 219//219 238//238 280//280
f 183//183 208//208 267//267
f 183//183 267//267 249//249
f 196//196 195//195 237//237
f 196//196 237//237 236//236
f 208//208 209//209 270//270
f 371//371 370//370 309//309
f 371//371 309//309 308//308
f 349//349 373//373 374//374
f 349//349 374//374 350//350
f 206//206 207//207 268//268
f 197//197 222//222 281//281
f 197//197 281//281 235//235
f 207//207 182//182 250//250
f 207//207 250//250 268//268
f 198//198 197//197 235//235
f 198//198 235//235 234//234
f 204//204 205//205 266//266
f 204//204 266//266 263//263
f 341//341 375//375 376//376
f 341//341 376//376 342//342
f 202//202 203//203 264//264
f 369//369 368//368 311//311
f 369//369 311//311 310//310
f 221//221 196//196 236//236
f 221//221 236//236 282//282
f 185//185 210//210 269//269
f 185//185 269//269 247//247
f 200//200 199//199 233//233
f 200//200 233//233 260//260
f 226//226 285//285 288//288
f 347//347 377//377 378//378
f 347//347 378//378 348//348
f 228//228 201//201 262//262
f 228//228 262//262 286//286
f 199//199 224//224 283//283
f 199//199 283//283 233//233
f 209//209 184//184 248//248
f 209//209 248//248 270//270
f 176//176 175//175 257//257
f 176//176 257//257 256//256
f 367//367 366//366 313//313
f 367//367 313//313 312//312
f 223//223 198//198 234//234
f 223//223 234//234 284//284
f 187//187 212//212 271//271
f 187//187 271//271 245//245
f 178//178 177//177 255//255
f 178//178 255//255 254//254
f 175//175 174//174 258//258
f 175//175 258//258 257//257
f 363//363 362//362 321//321
f 363//363 321//321 320//320
f 365//365 364//364 317//317
f 365//365 317//317 316//316
f 211//211 186//186 246//246
f 211//211 246//246 272//272
f 227//227 226//226 288//288
f 227//227 288//288 287//287
f 180//180 179//179 253//253
f 180//180 253//253 252//252
f 225//225 228//228 286//286
f 353//353 379//379 380//380
f 353//353 380//380 354//354
f 174//174 173//173 259//259
f 174//174 259//259 258//258
f 189//189 214//214 273//273
f 189//189 273//273 243//243
f 173//173 200//200 260//260
f 173//173 260//260 259//259
f 182//182 181//181 251//251
f 182//182 251//251 250//250
f 345//345 381//381 382//382
f 345//345 382//382 346//346
f 351//351 383//383 384//384
f 351//351 384//384 352//352
f 213//213 188//188 244//244
f 213//213 244//244 274//274
f 177//177 202//202 261//261
f 177//177 261//261 255//255
f 343//343 385//385 386//386
f 343//343 386//386 344//344
f 339//339 387//387 388//388
f 339//339 388//388 340//340
f 337//337 389//389 390//390
f 337//337 390//390 338//338
f 335//335 391//391 392//392
f 335//335 392//392 336//336
f 364//364 331//331 351//351
f 364//364 351//351 350//350
f 293//293 296//296 385//385
f 293//293 385//385 343//343
f 231//231 230//230 354//354
f 231//231 354//354 380//380
f 326//326 365//365 349//349
f 326//326 349//349 348//348
f 295//295 294//294 344//344
f 295//295 344//344 386//386
f 333//333 322//322 328//328
f 333//333 328//328 327//327
f 366//366 325//325 347//347
f 366//366 347//347 346//346
f 304//304 307//307 395//395
f 304//304 395//395 391//391
f 308//308 303//303 392//392
f 308//308 392//392 389//389
f 369//369 310//310 375//375
f 369//369 375//375 341//341
f 323//323 334//334 330//330
f 294//294 367//367 345//345
f 294//294 345//345 344//344
f 292//292 309//309 390//390
f 292//292 390//390 387//387
f 310//310 291//291 388//388
f 310//310 388//388 375//375
f 311//311 368//368 342//342
f 311//311 342//342 376//376
f 363//363 320//320 298//298
f 363//363 298//298 297//297
f 368//368 293//293 343//343
f 368//368 343//343 342//342
f 296//296 311//311 376//376
f 296//296 376//376 385//385
f 312//312 295//295 386//386
f 312//312 386//386 381//381
f 289//289 292//292 387//387
f 289//289 387//387 339//339
f 321//321 362//362 300//300
f 321//321 300//300 299//299
f 290//290 369//369 341//341
f 290//290 341//341 340//340
f 314//314 313//313 382//382
f 314//314 382//382 377//377
f 316//316 315//315 378//378
f 316//316 378//378 373//373
f 291//291 290//290 340//340
f 291//291 340//340 388//388
f 331//331 318//318 383//383
f 331//331 383//383 351//351
f 370//370 289//289 339//339
f 370//370 339//339 338//338
f 318//318 374//374 383//383
f 320//320 319//319 384//384
f 371//371 308//308 389//389
f 371//371 389//389 337//337
f 319//319 332//332 352//352
f 319//319 352//352 384//384
f 302//302 371//371 337//337
f 302//302 337//337 336//336
f 322//322 321//321 299//299
f 322//322 299//299 328//328
f 232//232 329//329 379//379
f 309//309 370//370 338//338
f 309//309 338//338 390//390
f 365//365 316//316 373//373
f 365//365 373//373 349//349
f 372//372 301//301 335//335
f 372//372 335//335 358//358
f 306//306 305//305 393//393
f 306//306 393//393 396//396
f 324//324 231//231 380//380
f 324//324 380//380 394//394
f 301//301 304//304 391//391
f 301//301 391//391 335//335
f 317//317 364//364 350//350
f 317//317 350//350 374//374
f 230//230 361//361 355//355
f 230//230 355//355 354//354
f 303//303 302//302 336//336
f 303//303 336//336 392//392
f 325//325 314//314 377//377
f 325//325 377//377 347//347
f 334//334 229//229 353//353
f 334//334 353//353 330//330
f 361//361 360//360 356//356
f 361//361 356//356 355//355
f 315//315 326//326 348//348
f 315//315 348//348 378//378
f 307//307 306//306 396//396
f 307//307 396//396 395//395
f 362//362 333//333 327//327
f 362//362 327//327 300//300
f 305//305 324//324 394//394
f 360//360 359//359 357//357
f 360//360 357//357 356//356
f 367//367 312//312 381//381
f 367//367 381//381 345//345
f 359//359 372//372 358//358
f 359//359 358//358 357//357
f 332//332 363//363 297//297
f 332//332 297//297 352//352
f 313//313 366//366 346//346
f 313//313 346//346 382//382
f 229//229 232//232 379//379
f 229//229 379//379 353//353
f 397//397 398//398 399//399
f 397//397 399//399 400//400
f 398//398 401//401 402//402
f 398//398 402//402 399//399
f 401//401 403//403 404//404
f 401//401 404//404 402//402
f 403//403 397//397 400//400
f 403//403 400//400 404//404
f 402//402 404//404 400//400
f 402//402 400//400 399//399
f 405//405 406//406 407//407
f 405//405 407//407 408//408
f 406//406 409//409 410//410
f 406//406 410//410 407//407
f 409//409 411//411 412//412
f 409//409 412//412 410//410
f 411//411 405//405 408//408
f 411//411 408//408 412//412
f 410//410 412//412 408//408
f 410//410 408//408 407//407
f 417//417 416//416 441//441
f 417//417 441//441 442//442
f 419//419 418//418 443//443
f 419//419 443//443 444//444
f 421//421 420//420 445//445
f 421//421 445//445 446//446
f 423//423 422//422 447//447
f 423//423 447//447 448//448
f 425//425 424//424 449//449
f 425//425 449//449 450//450
f 427//427 426//426 451//451
f 427//427 451//451 452//452
f 429//429 428//428 453//453
f 429//429 453//453 454//454
f 431//431 430//430 455//455
f 431//431 455//455 456//456
f 433//433 432//432 457//457
f 433//433 457//457 458//458
f 435//435 434//434 459//459
f 435//435 459//459 460//460
f 437//437 436//436 461//461
f 437//437 461//461 462//462
f 439//439 438//438 463//463
f 439//439 463//463 464//464
f 469//469 470//470 471//471
f 469//469 471//471 472//472
f 495//495 501//501 502//502
f 495//495 502//502 496//496
f 493//493 503//503 504//504
f 493//493 504//504 494//494
f 491//491 505//505 506//506
f 491//491 506//506 492//492
f 489//489 507//507 508//508
f 489//489 508//508 490//490
f 487//487 509//509 510//510
f 487//487 510//510 488//488
f 485//485 511//511 512//512
f 485//485 512//512 486//486
f 483//483 513//513 514//514
f 483//483 514//514 484//484
f 481//481 515//515 516//516
f 481//481 516//516 482//482
f 479//479 517//517 518//518
f 479//479 518//518 480//480
f 477//477 519//519 520//520
f 477//477 520//520 478//478
f 475//475 521//521 522//522
f 475//475 522//522 476//476
f 473//473 523//523 524//524
f 473//473 524//524 474//474
f 424//424 423//423 489//489
f 424//424 489//489 488//488
f 529//529 530//530 531//531
f 529//529 531//531 532//532
f 533//533 534//534 535//535
f 533//533 535//535 536//536
f 537//537 538//538 539//539
f 537//537 539//539 540//540
f 431//431 456//456 515//515
f 431//431 515//515 481//481
f 441//441 416//416 496//496
f 441//441 496//496 502//502
f 426//426 425//425 487//487
f 426//426 487//487 486//486
f 541//541 542//542 543//543
f 541//541 543//543 544//544
f 455//455 430//430 482//482
f 455//455 482//482 516//516
f 419//419 444//444 503//503
f 419//419 503//503 493//493
f 428//428 427//427 485//485
f 428//428 485//485 484//484
f 464//464 467//467 527//527
f 464//464 527//527 523//523
f 565//565 566//566 555//555
f 565//565 555//555 554//554
f 462//462 463//463 524//524
f 462//462 524//524 521//521
f 433//433 458//458 517//517
f 433//433 517//517 479//479
f 443//443 418//418 494//494
f 430//430 429//429 483//483
f 430//430 483//483 482//482
f 460//460 461//461 522//522
f 460//460 522//522 519//519
f 567//567 568//568 569//569
f 567//567 569//569 570//570
f 571//571 572//572 559//559
f 571//571 559//559 558//558
f 458//458 459//459 520//520
f 458//458 520//520 517//517
f 457//457 432//432 480//480
f 457//457 480//480 518//518
f 421//421 446//446 505//505
f 421//421 505//505 491//491
f 432//432 431//431 481//481
f 432//432 481//481 480//480
f 456//456 457//457 518//518
f 456//456 518//518 515//515
f 573//573 574//574 563//563
f 573//573 563//563 562//562
f 454//454 455//455 516//516
f 454//454 516//516 513//513
f 435//435 460//460 519//519
f 435//435 519//519 477//477
f 445//445 420//420 492//492
f 445//445 492//492 506//506
f 434//434 433//433 479//479
f 434//434 479//479 478//478
f 452//452 453//453 514//514
f 452//452 514//514 511//511
f 450//450 451//451 512//512
f 450//450 512//512 509//509
f 459//459 434//434 478//478
f 459//459 478//478 520//520
f 423//423 448//448 507//507
f 423//423 507//507 489//489
f 436//436 435//435 477//477
f 436//436 477//477 476//476
f 448//448 510//510 507//507
f 611//611 610//610 549//549
f 611//611 549//549 548//548
f 589//589 613//613 614//614
f 589//589 614//614 590//590
f 446//446 508//508 505//505
f 437//437 462//462 521//521
f 437//437 521//521 475//475
f 447//447 422//422 490//490
f 447//447 490//490 508//508
f 438//438 437//437 475//475
f 438//438 475//475 474//474
f 444//444 445//445 506//506
f 581//581 615//615 616//616
f 581//581 616//616 582//582
f 442//442 504//504 501//501
f 609//609 608//608 551//551
f 609//609 551//551 550//550
f 461//461 436//436 476//476
f 461//461 476//476 522//522
f 425//425 450//450 509//509
f 425//425 509//509 487//487
f 440//440 439//439 473//473
f 440//440 473//473 500//500
f 466//466 465//465 525//525
f 466//466 525//525 528//528
f 587//587 617//617 618//618
f 587//587 618//618 588//588
f 468//468 441//441 502//502
f 439//439 464//464 523//523
f 439//439 523//523 473//473
f 449//449 424//424 488//488
f 449//449 488//488 510//510
f 416//416 415//415 497//497
f 416//416 497//497 496//496
f 607//607 606//606 553//553
f 607//607 553//553 552//552
f 463//463 438//438 474//474
f 463//463 474//474 524//524
f 427//427 452//452 511//511
f 427//427 511//511 485//485
f 418//418 417//417 495//495
f 418//418 495//495 494//494
f 415//415 414//414 498//498
f 415//415 498//498 497//497
f 603//603 602//602 561//561
f 603//603 561//561 560//560
f 605//605 604//604 557//557
f 605//605 557//557 556//556
f 451//451 426//426 486//486
f 451//451 486//486 512//512
f 467//467 466//466 528//528
f 467//467 528//528 527//527
f 420//420 419//419 493//493
f 420//420 493//493 492//492
f 465//465 526//526 525//525
f 593//593 619//619 620//620
f 593//593 620//620 594//594
f 414//414 413//413 499//499
f 414//414 499//499 498//498
f 429//429 454//454 513//513
f 429//429 513//513 483//483
f 413//413 440//440 500//500
f 413//413 500//500 499//499
f 422//422 421//421 491//491
f 422//422 491//491 490//490
f 585//585 621//621 622//622
f 585//585 622//622 586//586
f 591//591 623//623 624//624
f 591//591 624//624 592//592
f 453//453 428//428 484//484
f 453//453 484//484 514//514
f 417//417 501//501 495//495
f 583//583 625//625 626//626
f 583//583 626//626 584//584
f 579//579 627//627 628//628
f 579//579 628//628 580//580
f 577//577 629//629 630//630
f 577//577 630//630 578//578
f 575//575 631//631 632//632
f 575//575 632//632 576//576
f 604//604 571//571 591//591
f 604//604 591//591 590//590
f 533//533 536//536 625//625
f 533//533 625//625 583//583
f 471//471 470//470 594//594
f 566//566 605//605 589//589
f 566//566 589//589 588//588
f 535//535 534//534 584//584
f 535//535 584//584 626//626
f 573//573 562//562 568//568
f 573//573 568//568 567//567
f 606//606 565//565 587//587
f 606//606 587//587 586//586
f 544//544 547//547 635//635
f 544//544 635//635 631//631
f 548//548 543//543 632//632
f 548//548 632//632 629//629
f 609//609 550//550 615//615
f 609//609 615//615 581//581
f 563//563 574//574 570//570
f 563//563 570//570 569//569
f 534//534 607//607 585//585
f 534//534 585//585 584//584
f 532//532 549//549 630//630
f 532//532 630//630 627//627
f 550//550 531//531 628//628
f 550//550 628//628 615//615
f 551//551 608//608 582//582
f 551//551 582//582 616//616
f 603//603 560//560 538//538
f 603//603 538//538 537//537
f 608//608 533//533 583//583
f 608//608 583//583 582//582
f 536//536 551//551 616//616
f 536//536 616//616 625//625
f 552//552 535//535 626//626
f 552//552 626//626 621//621
f 529//529 532//532 627//627
f 529//529 627//627 579//579
f 561//561 602//602 540//540
f 561//561 540//540 539//539
f 530//530 609//609 581//581
f 530//530 581//581 580//580
f 554//554 553//553 622//622
f 554//554 622//622 617//617
f 556//556 555//555 618//618
f 556//556 618//618 613//613
f 531//531 530//530 580//580
f 531//531 580//580 628//628
f 571//571 558//558 623//623
f 571//571 623//623 591//591
f 610//610 529//529 579//579
f 610//610 579//579 578//578
f 558//558 557//557 614//614
f 558//558 614//614 623//623
f 560//560 624//624 538//538
f 611//611 548//548 629//629
f 611//611 629//629 577//577
f 559//559 572//572 592//592
f 559//559 592//592 624//624
f 542//542 611//611 577//577
f 542//542 577//577 576//576
f 562//562 561//561 539//539
f 472//472 563//563 569//569
f 472//472 569//569 619//619
f 549//549 610//610 578//578
f 549//549 578//578 630//630
f 605//605 556//556 613//613
f 605//605 613//613 589//589
f 612//612 541//541 575//575
f 612//612 575//575 598//598
f 546//546 633//633 636//636
f 564//564 471//471 620//620
f 541//541 544//544 631//631
f 541//541 631//631 575//575
f 557//557 604//604 590//590
f 557//557 590//590 614//614
f 470//470 601//601 595//595
f 470//470 595//595 594//594
f 543//543 542//542 576//576
f 543//543 576//576 632//632
f 565//565 554//554 617//617
f 565//565 617//617 587//587
f 574//574 469//469 593//593
f 574//574 593//593 570//570
f 601//601 600//600 596//596
f 601//601 596//596 595//595
f 555//555 566//566 588//588
f 555//555 588//588 618//618
f 547//547 546//546 636//636
f 547//547 636//636 635//635
f 602//602 573//573 567//567
f 602//602 567//567 540//540
f 545//545 634//634 633//633
f 600//600 599//599 597//597
f 600//600 597//597 596//596
f 607//607 552//552 621//621
f 607//607 621//621 585//585
f 599//599 612//612 598//598
f 599//599 598//598 597//597
f 572//572 603//603 537//537
f 572//572 537//537 592//592
f 553//553 606//606 586//586
f 553//553 586//586 622//622
f 469//469 619//619 593//593
f 637//637 638//638 639//639
f 637//637 639//639 640//640
f 638//638 641//641 642//642
f 638//638 642//642 639//639
f 641//641 643//643 644//644
f 641//641 644//644 642//642
f 643//643 637//637 640//640
f 643//643 640//640 644//644
f 642//642 644//644 640//640
f 642//642 640//640 639//639
f 645//645 646//646 647//647
f 645//645 647//647 648//648
f 646//646 649//649 650//650
f 646//646 650//650 647//647
f 649//649 651//651 652//652
f 649//649 652//652 650//650
f 651//651 645//645 648//648
f 651//651 648//648 652//652
f 650//650 652//652 648//648
f 650//650 648//648 647//647
f 653//653 654//654 655//655
f 653//653 655//655 656//656
f 657//657 659//659 660//660
f 661//661 662//662 663//663
f 661//661 663//663 664//664
f 665//665 666//666 667//667
f 665//665 667//667 668//668
f 669//669 671//671 672//672
f 673//673 674//674 675//675
f 673//673 675//675 676//676
f 677//677 678//678 679//679
f 677//677 679//679 680//680
f 681//681 683//683 684//684
f 685//685 686//686 687//687
f 685//685 687//687 688//688
f 689//689 690//690 691//691
f 689//689 691//691 692//692
f 693//693 695//695 696//696
f 697//697 698//698 699//699
f 697//697 699//699 700//700
f 701//701 702//702 703//703
f 701//701 703//703 704//704
f 705//705 707//707 708//708
f 709//709 710//710 711//711
f 709//709 711//711 712//712
f 713//713 714//714 715//715
f 713//713 715//715 716//716
f 717//717 718//718 719//719
f 717//717 719//719 720//720
f 721//721 722//722 723//723
f 725//725 726//726 727//727
f 725//725 727//727 728//728
f 729//729 730//730 731//731
f 729//729 731//731 732//732
f 733//733 734//734 735//735
f 737//737 738//738 739//739
f 737//737 739//739 740//740
f 741//741 742//742 743//743
f 741//741 743//743 744//744
f 745//745 746//746 747//747
f 749//749 750//750 751//751
f 749//749 751//751 752//752
f 753//753 754//754 755//755
f 753//753 755//755 756//756
f 757//757 758//758 759//759
f 761//761 762//762 763//763
f 761//761 763//763 764//764
f 765//765 766//766 767//767
f 765//765 767//767 768//768
f 769//769 770//770 771//771
f 661//661 664//664 722//722
f 661//661 722//722 721//721
f 663//663 724//724 723//723
f 665//665 668//668 726//726
f 667//667 666//666 728//728
f 667//667 728//728 727//727
f 669//669 672//672 730//730
f 669//669 730//730 729//729
f 671//671 670//670 732//732
f 671//671 732//732 731//731
f 673//673 676//676 734//734
f 673//673 734//734 733//733
f 675//675 736//736 735//735
f 677//677 680//680 738//738
f 679//679 678//678 740//740
f 679//679 740//740 739//739
f 681//681 684//684 742//742
f 681//681 742//742 741//741
f 683//683 682//682 744//744
f 683//683 744//744 743//743
f 685//685 688//688 746//746
f 685//685 746//746 745//745
f 687//687 748//748 747//747
f 689//689 692//692 750//750
f 691//691 690//690 752//752
f 691//691 752//752 751//751
f 693//693 696//696 754//754
f 693//693 754//754 753//753
f 695//695 694//694 756//756
f 695//695 756//756 755//755
f 697//697 700//700 758//758
f 697//697 758//758 757//757
f 699//699 760//760 759//759
f 701//701 704//704 762//762
f 703//703 702//702 764//764
f 703//703 764//764 763//763
f 705//705 708//708 766//766
f 705//705 766//766 765//765
f 707//707 706//706 768//768
f 707//707 768//768 767//767
f 709//709 712//712 770//770
f 709//709 770//770 769//769
f 711//711 772//772 771//771
f 653//653 656//656 714//714
f 655//655 654//654 716//716
f 655//655 716//716 715//715
f 657//657 660//660 718//718
f 657//657 718//718 717//717
f 659//659 658//658 720//720
f 659//659 720//720 719//719
f 773//773 774//774 775//775
f 773//773 775//775 776//776
f 777//777 779//779 780//780
f 774//774 777//777 780//780
f 778//778 773//773 776//776
f 778//778 776//776 779//779
f 781//781 782//782 783//783
f 781//781 783//783 784//784
f 785//785 786//786 787//787
f 785//785 787//787 788//788
f 782//782 785//785 788//788
f 782//782 788//788 783//783
f 786//786 781//781 784//784
f 786//786 784//784 787//787
f 789//789 790//790 791//791
f 793//793 794//794 795//795
f 793//793 795//795 796//796
f 797//797 798//798 799//799
f 797//797 799//799 800//800
f 801//801 802//802 803//803
f 805//805 806//806 807//807
f 805//805 807//807 808//808
f 809//809 810//810 811//811
f 809//809 811//811 812//812
f 813//813 814//814 815//815
f 817//817 818//818 819//819
f 817//817 819//819 820//820
f 821//821 822//822 823//823
f 821//821 823//823 824//824
f 825//825 826//826 827//827
f 829//829 830//830 831//831
f 829//829 831//831 832//832
f 833//833 834//834 835//835
f 833//833 835//835 836//836
f 837//837 838//838 839//839
f 841//841 842//842 843//843
f 841//841 843//843 844//844
f 845//845 846//846 847//847
f 845//845 847//847 848//848
f 849//849 850//850 851//851
f 849//849 851//851 852//852
f 853//853 854//854 855//855
f 853//853 855//855 856//856
f 857//857 859//859 860//860
f 861//861 862//862 863//863
f 861//861 863//863 864//864
f 865//865 866//866 867//867
f 865//865 867//867 868//868
f 869//869 871//871 872//872
f 873//873 874//874 875//875
f 873//873 875//875 876//876
f 877//877 878//878 879//879
f 877//877 879//879 880//880
f 881//881 883//883 884//884
f 885//885 886//886 887//887
f 885//885 887//887 888//888
f 889//889 890//890 891//891
f 889//889 891//891 892//892
f 893//893 895//895 896//896
f 897//897 898//898 899//899
f 897//897 899//899 900//900
f 901//901 902//902 903//903
f 901//901 903//903 904//904
f 905//905 907//907 908//908
f 797//797 857//857 860//860
f 797//797 860//860 798//798
f 799//799 859//859 858//858
f 799//799 858//858 800//800
f 801//801 864//864 802//802
f 803//803 863//863 862//862
f 805//805 865//865 868//868
f 805//805 868//868 806//806
f 807//807 867//867 866//866
f 807//807 866//866 808//808
f 809//809 869//869 872//872
f 809//809 872//872 810//810
f 811//811 871//871 870//870
f 811//811 870//870 812//812
f 813//813 876//876 814//814
f 815//815 875//875 874//874
f 817//817 877//877 880//880
f 817//817 880//880 818//818
f 819//819 879//879 878//878
f 819//819 878//878 820//820
f 821//821 881//881 884//884
f 821//821 884//884 822//822
f 823//823 883//883 882//882
f 823//823 882//882 824//824
f 825//825 888//888 826//826
f 827//827 887//887 886//886
f 829//829 889//889 892//892
f 829//829 892//892 830//830
f 831//831 891//891 890//890
f 831//831 890//890 832//832
f 833//833 893//893 896//896
f 833//833 896//896 834//834
f 835//835 895//895 894//894
f 835//835 894//894 836//836
f 837//837 900//900 838//838
f 839//839 899//899 898//898
f 841//841 901//901 904//904
f 841//841 904//904 842//842
f 843//843 903//903 902//902
f 843//843 902//902 844//844
f 845//845 905//905 908//908
f 845//845 908//908 846//846
f 847//847 907//907 906//906
f 847//847 906//906 848//848
f 789//789 852//852 790//790
f 791//791 851//851 850//850
f 793//793 853//853 856//856
f 793//793 856//856 794//794
f 795//795 855//855 854//854
f 795//795 854//854 796//796
f 909//909 910//910 911//911
f 913//913 914//914 915//915
f 913//913 915//915 916//916
f 912//912 914//914 913//913
f 916//916 915//915 910//910
f 917//917 918//918 919//919
f 917//917 919//919 920//920
f 921//921 922//922 923//923
f 921//921 923//923 924//924
f 920//920 919//919 922//922
f 920//920 922//922 921//921
f 924//924 923//923 918//918
f 924//924 918//918 917//917
f 925//925 926//926 927//927
f 925//925 927//927 928//928
f 929//929 930//930 931//931
f 933//933 934//934 935//935
f 933//933 935//935 936//936
f 937//937 938//938 939//939
f 937//937 939//939 940//940
f 941//941 942//942 943//943
f 945//945 946//946 947//947
f 945//945 947//947 948//948
f 949//949 950//950 951//951
f 949//949 951//951 952//952
f 953//953 954//954 955//955
f 957//957 958//958 959//959
f 957//957 959//959 960//960
f 961//961 962//962 963//963
f 961//961 963//963 964//964
f 965//965 966//966 967//967
f 969//969 970//970 971//971
f 969//969 971//971 972//972
f 973//973 975//975 976//976
f 977//977 978//978 979//979
f 977//977 979//979 980//980
f 981//981 982//982 983//983
f 981//981 983//983 984//984
f 985//985 987//987 988//988
f 989//989 990//990 991//991
f 989//989 991//991 992//992
f 993//993 994//994 995//995
f 993//993 995//995 996//996
f 997//997 999//999 1000//1000
f 1001//1001 1002//1002 1003//1003
f 1001//1001 1003//1003 1004//1004
f 1005//1005 1006//1006 1007//1007
f 1005//1005 1007//1007 1008//1008
f 1009//1009 1011//1011 1012//1012
f 1013//1013 1014//1014 1015//1015
f 1013//1013 1015//1015 1016//1016
f 1017//1017 1018//1018 1019//1019
f 1017//1017 1019//1019 1020//1020
f 925//925 976//976 926//926
f 927//927 975//975 974//974
f 929//929 977//977 980//980
f 929//929 980//980 930//930
f 931//931 979//979 978//978
f 931//931 978//978 932//932
f 933//933 981//981 984//984
f 933//933 984//984 934//934
f 935//935 983//983 982//982
f 935//935 982//982 936//936
f 937//937 988//988 938//938
f 939//939 987//987 986//986
f 941//941 989//989 992//992
f 941//941 992//992 942//942
f 943//943 991//991 990//990
f 943//943 990//990 944//944
f 945//945 993//993 996//996
f 945//945 996//996 946//946
f 947//947 995//995 994//994
f 947//947 994//994 948//948
f 949//949 1000//1000 950//950
f 951//951 999//999 998//998
f 953//953 1001//1001 1004//1004
f 953//953 1004//1004 954//954
f 955//955 1003//1003 1002//1002
f 955//955 1002//1002 956//956
f 957//957 1005//1005 1008//1008
f 957//957 1008//1008 958//958
f 959//959 1007//1007 1006//1006
f 959//959 1006//1006 960//960
f 961//961 1012//1012 962//962
f 963//963 1011//1011 1010//1010
f 965//965 1013//1013 1016//1016
f 965//965 1016//1016 966//966
f 967//967 1015//1015 1014//1014
f 967//967 1014//1014 968//968
f 969//969 1017//1017 1020//1020
f 969//969 1020//1020 970//970
f 971//971 1019//1019 1018//1018
f 971//971 1018//1018 972//972
f 1021//1021 1023//1023 1024//1024
f 1025//1025 1026//1026 1027//1027
f 1028//1028 1027//1027 1022//1022
f 1028//1028 1022//1022 1021//1021
f 1024//1024 1026//1026 1025//1025
f 1029//1029 1030//1030 1031//1031
f 1029//1029 1031//1031 1032//1032
f 1033//1033 1034//1034 1035//1035
f 1033//1033 1035//1035 1036//1036
f 1037//1037 1039//1039 1040//1040
f 1041//1041 1042//1042 1043//1043
f 1041//1041 1043//1043 1044//1044
f 1045//1045 1046//1046 1047//1047
f 1045//1045 1047//1047 1048//1048
f 1049//1049 1051//1051 1052//1052
f 1053//1053 1054//1054 1055//1055
f 1053//1053 1055//1055 1056//1056
f 1057//1057 1058//1058 1059//1059
f 1057//1057 1059//1059 1060//1060
f 1061//1061 1063//1063 1064//1064
f 1065//1065 1066//1066 1067//1067
f 1065//1065 1067//1067 1068//1068
f 1069//1069 1070//1070 1071//1071
f 1069//1069 1071//1071 1072//1072
f 1073//1073 1075//1075 1076//1076
f 1077//1077 1078//1078 1079//1079
f 1081//1081 1082//1082 1083//1083
f 1081//1081 1083//1083 1084//1084
f 1085//1085 1086//1086 1087//1087
f 1085//1085 1087//1087 1088//1088
f 1089//1089 1090//1090 1091//1091
f 1093//1093 1094//1094 1095//1095
f 1093//1093 1095//1095 1096//1096
f 1097//1097 1098//1098 1099//1099
f 1097//1097 1099//1099 1100//1100
f 1101//1101 1102//1102 1103//1103
f 1105//1105 1106//1106 1107//1107
f 1105//1105 1107//1107 1108//1108
f 1109//1109 1110//1110 1111//1111
f 1109//1109 1111//1111 1112//1112
f 1113//1113 1114//1114 1115//1115
f 1117//1117 1118//1118 1119//1119
f 1117//1117 1119//1119 1120//1120
f 1121//1121 1122//1122 1123//1123
f 1121//1121 1123//1123 1124//1124
f 1029//1029 1032//1032 1078//1078
f 1031//1031 1030//1030 1080//1080
f 1031//1031 1080//1080 1079//1079
f 1033//1033 1036//1036 1082//1082
f 1033//1033 1082//1082 1081//1081
f 1035//1035 1034//1034 1084//1084
f 1035//1035 1084//1084 1083//1083
f 1037//1037 1040//1040 1086//1086
f 1037//1037 1086//1086 1085//1085
f 1039//1039 1088//1088 1087//1087
f 1041//1041 1044//1044 1090//1090
f 1043//1043 1042//1042 1092//1092
f 1043//1043 1092//1092 1091//1091
f 1045//1045 1048//1048 1094//1094
f 1045//1045 1094//1094 1093//1093
f 1047//1047 1046//1046 1096//1096
f 1047//1047 1096//1096 1095//1095
f 1049//1049 1052//1052 1098//1098
f 1049//1049 1098//1098 1097//1097
f 1051//1051 1100//1100 1099//1099
f 1053//1053 1056//1056 1102//1102
f 1055//1055 1054//1054 1104//1104
f 1055//1055 1104//1104 1103//1103
f 1057//1057 1060//1060 1106//1106
f 1057//1057 1106//1106 1105//1105
f 1059//1059 1058//1058 1108//1108
f 1059//1059 1108//1108 1107//1107
f 1061//1061 1064//1064 1110//1110
f 1061//1061 1110//1110 1109//1109
f 1063//1063 1112//1112 1111//1111
f 1065//1065 1068//1068 1114//1114
f 1067//1067 1066//1066 1116//1116
f 1067//1067 1116//1116 1115//1115
f 1069//1069 1072//1072 1118//1118
f 1069//1069 1118//1118 1117//1117
f 1071//1071 1070//1070 1120//1120
f 1071//1071 1120//1120 1119//1119
f 1073//1073 1076//1076 1122//1122
f 1073//1073 1122//1122 1121//1121
f 1075//1075 1124//1124 1123//1123
f 1125//1125 1126//1126 1127//1127
f 1125//1125 1127//1127 1128//1128
f 1129//1129 1130//1130 1131//1131
f 1129//1129 1131//1131 1132//1132
f 1132//1132 1131//1131 1126//1126
f 1132//1132 1126//1126 1125//1125
f 1128//1128 1127//1127 1130//1130
f 1128//1128 1130//1130 1129//1129
f 51//51 56//56 43//43
f 51//51 43//43 52//52
f 1135//1135 1138//1138 56//56
f 1135//1135 56//56 51//51
f 1133//1133 1137//1137 1139//1139
f 54//54 56//56 1141//1141
f 54//54 1141//1141 1142//1142
f 1134//1134 1140//1140 1143//1143
f 1138//1138 1135//1135 1134//1134
f 1138//1138 1134//1134 1143//1143
f 1144//1144 1139//1139 1142//1142
f 1144//1144 1142//1142 1141//1141
f 1137//1137 1145//1145 1146//1146
f 1139//1139 1137//1137 1146//1146
f 51//51 50//50 1146//1146
f 51//51 1146//1146 1145//1145
f 54//54 1146//1146 50//50
f 73//73 72//72 64//64
f 73//73 64//64 76//76
f 1150//1150 73//73 76//76
f 1150//1150 76//76 1152//1152
f 1147//1147 1154//1154 1148//1148
f 74//74 1155//1155 1156//1156
f 1151//1151 1157//1157 1153//1153
f 1151//1151 1153//1153 1147//1147
f 1152//1152 1157//1157 1151//1151
f 1152//1152 1151//1151 1150//1150
f 1158//1158 1156//1156 1155//1155
f 1148//1148 1159//1159 1160//1160
f 1148//1148 1160//1160 1149//1149
f 1154//1154 1159//1159 1148//1148
f 73//73 1160//1160 1159//1159
f 74//74 70//70 1159//1159
f 74//74 1159//1159 1155//1155
f 1161//1161 1162//1162 1163//1163
f 1161//1161 1163//1163 1164//1164
f 1169//1169 1170//1170 1171//1171
f 1169//1169 1171//1171 1172//1172
f 1170//1170 1165//1165 1168//1168
f 1170//1170 1168//1168 1171//1171
f 1166//1166 1169//1169 1172//1172
f 1166//1166 1172//1172 1167//1167
f 1161//1161 1173//1173 1169//1169
f 1161//1161 1169//1169 1166//1166
f 1173//1173 1174//1174 1170//1170
f 1173//1173 1170//1170 1169//1169
f 1174//1174 1162//1162 1165//1165
f 1174//1174 1165//1165 1170//1170
f 1162//1162 1161//1161 1166//1166
f 1162//1162 1166//1166 1165//1165
f 1175//1175 1164//1164 1163//1163
f 1175//1175 1163//1163 1176//1176
f 1162//1162 1174//1174 1176//1176
f 1162//1162 1176//1176 1163//1163
f 1173//1173 1161//1161 1164//1164
f 1173//1173 1164//1164 1175//1175
f 1181//1181 1182//1182 1183//1183
f 1181//1181 1183//1183 1184//1184
f 1179//1179 1183//1183 1182//1182
f 1179//1179 1182//1182 1180//1180
f 1177//1177 1181//1181 1184//1184
f 1177//1177 1184//1184 1178//1178
f 1185//1185 1186//1186 1187//1187
f 1185//1185 1187//1187 1188//1188
f 1193//1193 1194//1194 1195//1195
f 1193//1193 1195//1195 1196//1196
f 1194//1194 1189//1189 1192//1192
f 1194//1194 1192//1192 1195//1195
f 1190//1190 1193//1193 1196//1196
f 1190//1190 1196//1196 1191//1191
f 1185//1185 1197//1197 1193//1193
f 1185//1185 1193//1193 1190//1190
f 1197//1197 1198//1198 1194//1194
f 1197//1197 1194//1194 1193//1193
f 1198//1198 1186//1186 1189//1189
f 1198//1198 1189//1189 1194//1194
f 1186//1186 1185//1185 1190//1190
f 1186//1186 1190//1190 1189//1189
f 1199//1199 1188//1188 1187//1187
f 1199//1199 1187//1187 1200//1200
f 1186//1186 1198//1198 1200//1200
f 1186//1186 1200//1200 1187//1187
f 1197//1197 1185//1185 1188//1188
f 1197//1197 1188//1188 1199//1199
f 1205//1205 1206//1206 1207//1207
f 1205//1205 1207//1207 1208//1208
f 1203//1203 1207//1207 1206//1206
f 1203//1203 1206//1206 1204//1204
f 1201//1201 1205//1205 1208//1208
f 1201//1201 1208//1208 1202//1202
f 1209//1209 1210//1210 1211//1211
f 1213//1213 1214//1214 1215//1215
f 1213//1213 1215//1215 1216//1216
f 1211//1211 1216//1216 1215//1215
f 1209//1209 1213//1213 1214//1214
f 1217//1217 1218//1218 1219//1219
f 1217//1217 1219//1219 1220//1220
f 1221//1221 1223//1223 1224//1224
f 1219//1219 1220//1220 1222//1222
f 1217//1217 1221//1221 1224//1224
f 1217//1217 1224//1224 1218//1218
f 1225//1225 1227//1227 1228//1228
f 1229//1229 1230//1230 1231//1231
f 1227//1227 1228//1228 1230//1230
f 1227//1227 1230//1230 1231//1231
f 1225//1225 1232//1232 1226//1226
f 1233//1233 1234//1234 1235//1235
f 1237//1237 1238//1238 1239//1239
f 1237//1237 1239//1239 1240//1240
f 1235//1235 1238//1238 1236//1236
f 1233//1233 1237//1237 1240//1240
f 1241//1241 1242//1242 1243//1243
f 1241//1241 1243//1243 1244//1244
f 1245//1245 1247//1247 1248//1248
f 1243//1243 1247//1247 1246//1246
f 1241//1241 1245//1245 1248//1248
f 1241//1241 1248//1248 1242//1242
f 1249//1249 1251//1251 1252//1252
f 1253//1253 1254//1254 1255//1255
f 1251//1251 1252//1252 1254//1254
f 1251//1251 1254//1254 1255//1255
f 1249//1249 1256//1256 1250//1250
f 1257//1257 1258//1258 1259//1259
f 1261//1261 1262//1262 1263//1263
f 1261//1261 1263//1263 1264//1264
f 1265//1265 1267//1267 1268//1268
f 1269//1269 1265//1265 1268//1268
f 1271//1271 1262//1262 1272//1272
f 1271//1271 1272//1272 1273//1273
f 1262//1262 1274//1274 1272//1272
f 1275//1275 1276//1276 1277//1277
f 1258//1258 1257//1257 1279//1279
f 1258//1258 1279//1279 1280//1280
f 1276//1276 1282//1282 1277//1277
f 1283//1283 1258//1258 1280//1280
f 1285//1285 1286//1286 1264//1264
f 1285//1285 1264//1264 1263//1263
f 1262//1262 1285//1285 1263//1263
f 1271//1271 1287//1287 1286//1286
f 1287//1287 1261//1261 1264//1264
f 1287//1287 1264//1264 1286//1286
f 1260//1260 1288//1288 1289//1289
f 1290//1290 1257//1257 1260//1260
f 1283//1283 1290//1290 1289//1289
f 1283//1283 1289//1289 1288//1288
f 1258//1258 1288//1288 1259//1259
f 1274//1274 1291//1291 1292//1292
f 1273//1273 1272//1272 1268//1268
f 1273//1273 1268//1268 1267//1267
f 1291//1291 1267//1267 1292//1292
f 1272//1272 1274//1274 1270//1270
f 1287//1287 1271//1271 1273//1273
f 1287//1287 1273//1273 1291//1291
f 1261//1261 1291//1291 1274//1274
f 1266//1266 1293//1293 1292//1292
f 1293//1293 1269//1269 1270//1270
f 1293//1293 1270//1270 1292//1292
f 1279//1279 1278//1278 1277//1277
f 1284//1284 1280//1280 1282//1282
f 1280//1280 1279//1279 1277//1277
f 1280//1280 1277//1277 1282//1282
f 1294//1294 1295//1295 1278//1278
f 1257//1257 1290//1290 1294//1294
f 1296//1296 1275//1275 1278//1278
f 1296//1296 1278//1278 1295//1295
f 1290//1290 1284//1284 1294//1294
f 1281//1281 1296//1296 1295//1295
f 1297//1297 1298//1298 1299//1299
f 1297//1297 1299//1299 1300//1300
f 1301//1301 1303//1303 1304//1304
f 1299//1299 1303//1303 1302//1302
f 1297//1297 1300//1300 1304//1304
f 1297//1297 1304//1304 1301//1301
f 1305//1305 1307//1307 1308//1308
f 1309//1309 1310//1310 1311//1311
f 1307//1307 1311//1311 1312//1312
f 1307//1307 1312//1312 1306//1306
f 1305//1305 1310//1310 1309//1309
f 1313//1313 1314//1314 1315//1315
f 1317//1317 1318//1318 1319//1319
f 1317//1317 1319//1319 1320//1320
f 1315//1315 1320//1320 1314//1314
f 1313//1313 1316//1316 1318//1318
f 1321//1321 1322//1322 1323//1323
f 1321//1321 1323//1323 1324//1324
f 1325//1325 1327//1327 1328//1328
f 1323//1323 1322//1322 1328//1328
f 1321//1321 1324//1324 1326//1326
f 1321//1321 1326//1326 1325//1325
f 1329//1329 1331//1331 1332//1332
f 1333//1333 1334//1334 1335//1335
f 1331//1331 1330//1330 1336//1336
f 1331//1331 1336//1336 1335//1335
f 1329//1329 1334//1334 1333//1333
f 1337//1337 1338//1338 1339//1339
f 1341//1341 1342//1342 1343//1343
f 1341//1341 1343//1343 1344//1344
f 1339//1339 1344//1344 1338//1338
f 1337//1337 1340//1340 1342//1342
f 1345//1345 1346//1346 1347//1347
f 1345//1345 1347//1347 1348//1348
f 1349//1349 1351//1351 1352//1352
f 1353//1353 1354//1354 1355//1355
f 1357//1357 1358//1358 1354//1354
f 1357//1357 1354//1354 1353//1353
f 1359//1359 1361//1361 1352//1352
f 1352//1352 1361//1361 1362//1362
f 1363//1363 1364//1364 1365//1365
f 1363//1363 1365//1365 1366//1366
f 1348//1348 1368//1368 1345//1345
f 1366//1366 1365//1365 1369//1369
f 1371//1371 1372//1372 1367//1367
f 1371//1371 1367//1367 1348//1348
f 1373//1373 1350//1350 1374//1374
f 1352//1352 1351//1351 1373//1373
f 1359//1359 1373//1373 1374//1374
f 1359//1359 1374//1374 1375//1375
f 1375//1375 1350//1350 1349//1349
f 1346//1346 1376//1376 1377//1377
f 1378//1378 1376//1376 1346//1346
f 1378//1378 1346//1346 1345//1345
f 1371//1371 1376//1376 1378//1378
f 1348//1348 1347//1347 1377//1377
f 1362//1362 1358//1358 1379//1379
f 1362//1362 1379//1379 1380//1380
f 1360//1360 1354//1354 1361//1361
f 1380//1380 1379//1379 1355//1355
f 1361//1361 1354//1354 1358//1358
f 1361//1361 1358//1358 1362//1362
f 1375//1375 1360//1360 1359//1359
f 1349//1349 1362//1362 1380//1380
f 1356//1356 1355//1355 1379//1379
f 1356//1356 1379//1379 1381//1381
f 1381//1381 1358//1358 1357//1357
f 1368//1368 1365//1365 1364//1364
f 1372//1372 1383//1383 1369//1369
f 1372//1372 1369//1369 1367//1367
f 1367//1367 1365//1365 1368//1368
f 1382//1382 1364//1364 1383//1383
f 1345//1345 1368//1368 1382//1382
f 1345//1345 1382//1382 1378//1378
f 1384//1384 1364//1364 1363//1363
f 1378//1378 1382//1382 1372//1372
f 1370//1370 1369//1369 1383//1383
f 1370//1370 1383//1383 1384//1384
f 1385//1385 1387//1387 1388//1388
f 1389//1389 1390//1390 1391//1391
f 1385//1385 1389//1389 1392//1392
f 1385//1385 1392//1392 1386//1386
f 1387//1387 1390//1390 1388//1388
f 1393//1393 1394//1394 1395//1395
f 1397//1397 1398//1398 1399//1399
f 1397//1397 1399//1399 1400//1400
f 1393//1393 1400//1400 1394//1394
f 1395//1395 1399//1399 1398//1398
f 1401//1401 1402//1402 1403//1403
f 1401//1401 1403//1403 1404//1404
f 1405//1405 1407//1407 1408//1408
f 1401//1401 1405//1405 1408//1408
f 1403//1403 1404//1404 1406//1406
f 1403//1403 1406//1406 1407//1407
f 1409//1409 1411//1411 1412//1412
f 1413//1413 1414//1414 1415//1415
f 1409//1409 1413//1413 1416//1416
f 1409//1409 1416//1416 1410//1410
f 1411//1411 1414//1414 1412//1412
f 1417//1417 1418//1418 1419//1419
f 1421//1421 1422//1422 1423//1423
f 1421//1421 1423//1423 1424//1424
f 1417//1417 1424//1424 1418//1418
f 1419//1419 1423//1423 1422//1422
f 1425//1425 1426//1426 1427//1427
f 1425//1425 1427//1427 1428//1428
f 1429//1429 1431//1431 1432//1432
f 40//40 42//42 1433//1433
f 42//42 44//44 1435//1435
f 42//42 1435//1435 1433//1433
f 48//48 1434//1434 1436//1436
f 45//45 47//47 1437//1437
f 1432//1432 1439//1439 1440//1440
f 1432//1432 1440//1440 1429//1429
f 1428//1428 1442//1442 1425//1425
f 1441//1441 1443//1443 1444//1444
f 1439//1439 1445//1445 1446//1446
f 1439//1439 1446//1446 1440//1440
f 1440//1440 1430//1430 1429//1429
f 1442//1442 1444//1444 1426//1426
f 1428//1428 1427//1427 1443//1443
f 1428//1428 1443//1443 1441//1441
f 1443//1443 1434//1434 1433//1433
f 1426//1426 1444//1444 1435//1435
f 1445//1445 1431//1431 1447//1447
f 1445//1445 1447//1447 1438//1438
f 1430//1430 1437//1437 1448//1448
f 1431//1431 1430//1430 1448//1448
f 1446//1446 1445//1445 1438//1438
f 1446//1446 1438//1438 1437//1437
f 1427//1427 1436//1436 1434//1434
f 1444//1444 1443//1443 1433//1433
f 44//44 48//48 1436//1436
f 44//44 1436//1436 1435//1435
f 49//49 1438//1438 1447//1447
f 47//47 41//41 1448//1448
f 41//41 49//49 1447//1447
f 41//41 1447//1447 1448//1448
f 1432//1432 1445//1445 1439//1439
f 1449//1449 1450//1450 1451//1451
f 1453//1453 1454//1454 1455//1455
f 1453//1453 1455//1455 1456//1456
f 1449//1449 1454//1454 1453//1453
f 1451//1451 1450//1450 1456//1456
f 1457//1457 1458//1458 1459//1459
f 1457//1457 1459//1459 1460//1460
f 1461//1461 1463//1463 1464//1464
f 1457//1457 1460//1460 1462//1462
f 1459//1459 1458//1458 1464//1464
f 1459//1459 1464//1464 1463//1463
f 1465//1465 1467//1467 1468//1468
f 1469//1469 1470//1470 1471//1471
f 1465//1465 1468//1468 1470//1470
f 1465//1465 1470//1470 1469//1469
f 1467//1467 1472//1472 1466//1466
f 1473//1473 1474//1474 1475//1475
f 1477//1477 1478//1478 1479//1479
f 1477//1477 1479//1479 1480//1480
f 1473//1473 1478//1478 1477//1477
f 1475//1475 1474//1474 1480//1480
f 1481//1481 1482//1482 1483//1483
f 1481//1481 1483//1483 1484//1484
f 1485//1485 1487//1487 1488//1488
f 1481//1481 1484//1484 1486//1486
f 1483//1483 1482//1482 1488//1488
f 1483//1483 1488//1488 1487//1487
f 1489//1489 1491//1491 1492//1492
f 1493//1493 1494//1494 1495//1495
f 60//60 1497//1497 1498//1498
f 60//60 1498//1498 62//62
f 62//62 1499//1499 63//63
f 68//68 1500//1500 1497//1497
f 65//65 1501//1501 1502//1502
f 65//65 1502//1502 66//66
f 1494//1494 1503//1503 1504//1504
f 1490//1490 1489//1489 1505//1505
f 1506//1506 1505//1505 1507//1507
f 1506//1506 1507//1507 1508//1508
f 1504//1504 1509//1509 1510//1510
f 1503//1503 1493//1493 1496//1496
f 1505//1505 1489//1489 1492//1492
f 1505//1505 1492//1492 1507//1507
f 1490//1490 1508//1508 1491//1491
f 1508//1508 1498//1498 1497//1497
f 1492//1492 1500//1500 1499//1499
f 1492//1492 1499//1499 1507//1507
f 1510//1510 1511//1511 1495//1495
f 1496//1496 1512//1512 1502//1502
f 1495//1495 1511//1511 1512//1512
f 1495//1495 1512//1512 1496//1496
f 1509//1509 1501//1501 1510//1510
f 1491//1491 1497//1497 1500//1500
f 1507//1507 1499//1499 1498//1498
f 1507//1507 1498//1498 1508//1508
f 63//63 1500//1500 68//68
f 69//69 1511//1511 1501//1501
f 66//66 1502//1502 1512//1512
f 66//66 1512//1512 61//61
f 61//61 1511//1511 69//69
f 1494//1494 1504//1504 1510//1510
f 1513//1513 1514//1514 1515//1515
f 1513//1513 1515//1515 1516//1516
f 1517//1517 1519//1519 1520//1520
f 1521//1521 1522//1522 1523//1523
f 1525//1525 1517//1517 1520//1520
f 1525//1525 1520//1520 1526//1526
f 1527//1527 1524//1524 1528//1528
f 1523//1523 1529//1529 1528//1528
f 1521//1521 1527//1527 1530//1530
f 1521//1521 1530//1530 1522//1522
f 1531//1531 1533//1533 1534//1534
f 1535//1535 1536//1536 1537//1537
f 1533//1533 1534//1534 1536//1536
f 1533//1533 1536//1536 1537//1537
f 1531//1531 1538//1538 1532//1532
f 1530//1530 1529//1529 1539//1539
f 1530//1530 1539//1539 1526//1526
f 1522//1522 1530//1530 1526//1526
f 1522//1522 1526//1526 1520//1520
f 1523//1523 1520//1520 1519//1519
f 1529//1529 1523//1523 1519//1519
f 1518//1518 1539//1539 1519//1519
f 1541//1541 1542//1542 1543//1543
f 1543//1543 1544//1544 1514//1514
f 1543//1543 1514//1514 1515//1515
f 1541//1541 1516//1516 1542//1542
f 1529//1529 1530//1530 1527//1527
f 1529//1529 1527//1527 1528//1528
f 1545//1545 1546//1546 1547//1547
f 1545//1545 1547//1547 1548//1548
f 1549//1549 1551//1551 1552//1552
f 1553//1553 1554//1554 1555//1555
f 1557//1557 1558//1558 1550//1550
f 1557//1557 1550//1550 1549//1549
f 1559//1559 1554//1554 1553//1553
f 1555//1555 1554//1554 1560//1560
f 1553//1553 1556//1556 1562//1562
f 1553//1553 1562//1562 1559//1559
f 1563//1563 1565//1565 1566//1566
f 1567//1567 1568//1568 1569//1569
f 1565//1565 1569//1569 1570//1570
f 1565//1565 1570//1570 1564//1564
f 1563//1563 1568//1568 1567//1567
f 1562//1562 1558//1558 1571//1571
f 1562//1562 1571//1571 1561//1561
f 1556//1556 1550//1550 1558//1558
f 1556//1556 1558//1558 1562//1562
f 1555//1555 1550//1550 1556//1556
f 1561//1561 1571//1571 1551//1551
f 1552//1552 1571//1571 1572//1572
f 1573//1573 1574//1574 1575//1575
f 1573//1573 1576//1576 1546//1546
f 1573//1573 1546//1546 1545//1545
f 1561//1561 1560//1560 1559//1559
f 1561//1561 1559//1559 1562//1562
f 1575//1575 1547//1547 1548//1548
f 1577//1577 1578//1578 1579//1579
f 1577//1577 1579//1579 1580//1580
f 1585//1585 1586//1586 1587//1587
f 1585//1585 1587//1587 1588//1588
f 1581//1581 1585//1585 1588//1588
f 1581//1581 1588//1588 1582//1582
f 1583//1583 1587//1587 1586//1586
f 1583//1583 1586//1586 1584//1584
f 1589//1589 1590//1590 1591//1591
f 1589//1589 1591//1591 1592//1592
f 1593//1593 1594//1594 1595//1595
f 1593//1593 1595//1595 1596//1596
f 1593//1593 1598//1598 1594//1594
f 1592//1592 1591//1591 1599//1599
f 1601//1601 1600//1600 1599//1599
f 1601//1601 1599//1599 1602//1602
f 1597//1597 1603//1603 1604//1604
f 1597//1597 1604//1604 1598//1598
f 1589//1589 1601//1601 1602//1602
f 1589//1589 1602//1602 1590//1590
f 1596//1596 1595//1595 1604//1604
f 1596//1596 1604//1604 1603//1603
f 1609//1609 1610//1610 1611//1611
f 1609//1609 1612//1612 1613//1613
f 1609//1609 1613//1613 1614//1614
f 1606//1606 1616//1616 1607//1607
f 1617//1617 1618//1618 1616//1616
f 1614//1614 1613//1613 1619//1619
f 1614//1614 1619//1619 1620//1620
f 1605//1605 1608//1608 1618//1618
f 1605//1605 1618//1618 1617//1617
f 1589//1589 1592//1592 1606//1606
f 1589//1589 1606//1606 1605//1605
f 1601//1601 1589//1589 1605//1605
f 1601//1601 1605//1605 1617//1617
f 1603//1603 1597//1597 1614//1614
f 1603//1603 1614//1614 1620//1620
f 1597//1597 1593//1593 1609//1609
f 1597//1597 1609//1609 1614//1614
f 1592//1592 1615//1615 1606//1606
f 1600//1600 1601//1601 1617//1617
f 1596//1596 1603//1603 1620//1620
f 1596//1596 1620//1620 1610//1610
f 1593//1593 1596//1596 1610//1610
f 1593//1593 1610//1610 1609//1609
f 1621//1621 1622//1622 1623//1623
f 1621//1621 1623//1623 1624//1624
f 1629//1629 1630//1630 1631//1631
f 1629//1629 1631//1631 1632//1632
f 1625//1625 1629//1629 1632//1632
f 1625//1625 1632//1632 1626//1626
f 1627//1627 1631//1631 1630//1630
f 1627//1627 1630//1630 1628//1628
f 1633//1633 1634//1634 1635//1635
f 1633//1633 1635//1635 1636//1636
f 1637//1637 1638//1638 1639//1639
f 1637//1637 1639//1639 1640//1640
f 1637//1637 1641//1641 1642//1642
f 1637//1637 1642//1642 1638//1638
f 1636//1636 1635//1635 1643//1643
f 1636//1636 1643//1643 1644//1644
f 1645//1645 1644//1644 1643//1643
f 1641//1641 1647//1647 1648//1648
f 1641//1641 1648//1648 1642//1642
f 1633//1633 1646//1646 1634//1634
f 1640//1640 1639//1639 1648//1648
f 1640//1640 1648//1648 1647//1647
f 1653//1653 1654//1654 1655//1655
f 1653//1653 1655//1655 1656//1656
f 1653//1653 1656//1656 1657//1657
f 1650//1650 1659//1659 1660//1660
f 1650//1650 1660//1660 1651//1651
f 1661//1661 1660//1660 1659//1659
f 1658//1658 1657//1657 1663//1663
f 1658//1658 1663//1663 1664//1664
f 1649//1649 1652//1652 1662//1662
f 1649//1649 1662//1662 1661//1661
f 1633//1633 1636//1636 1650//1650
f 1633//1633 1650//1650 1649//1649
f 1645//1645 1633//1633 1649//1649
f 1645//1645 1649//1649 1661//1661
f 1647//1647 1658//1658 1664//1664
f 1641//1641 1637//1637 1653//1653
f 1636//1636 1644//1644 1659//1659
f 1636//1636 1659//1659 1650//1650
f 1644//1644 1661//1661 1659//1659
f 1640//1640 1647//1647 1664//1664
f 1640//1640 1664//1664 1654//1654
f 1637//1637 1640//1640 1654//1654
f 1637//1637 1654//1654 1653//1653
f 1671//1671 1672//1672 1673//1673
f 1671//1671 1673//1673 1674//1674
f 1675//1675 1673//1673 1672//1672
f 1675//1675 1672//1672 1676//1676
f 1670//1670 1669//1669 1675//1675
f 1670//1670 1675//1675 1676//1676
f 1666//1666 1665//1665 1671//1671
f 1666//1666 1671//1671 1674//1674
f 1669//1669 1667//1667 1673//1673
f 1669//1669 1673//1673 1675//1675
f 1665//1665 1668//1668 1672//1672
f 1665//1665 1672//1672 1671//1671
f 1668//1668 1670//1670 1676//1676
f 1668//1668 1676//1676 1672//1672
f 1667//1667 1666//1666 1674//1674
f 1667//1667 1674//1674 1673//1673
f 1683//1683 1684//1684 1685//1685
f 1683//1683 1685//1685 1686//1686
f 1687//1687 1685//1685 1684//1684
f 1687//1687 1684//1684 1688//1688
f 1682//1682 1681//1681 1687//1687
f 1682//1682 1687//1687 1688//1688
f 1678//1678 1677//1677 1683//1683
f 1678//1678 1683//1683 1686//1686
f 1681//1681 1679//1679 1685//1685
f 1681//1681 1685//1685 1687//1687
f 1677//1677 1680//1680 1684//1684
f 1677//1677 1684//1684 1683//1683
f 1680//1680 1682//1682 1688//1688
f 1680//1680 1688//1688 1684//1684
f 1679//1679 1678//1678 1686//1686
f 1679//1679 1686//1686 1685//1685
f 1689//1689 1690//1690 1691//1691
f 1689//1689 1691//1691 1692//1692
f 1693//1693 1695//1695 1696//1696
f 1695//1695 1694//1694 1697//1697
f 1695//1695 1697//1697 1698//1698
f 1700//1700 1696//1696 1695//1695
f 1700//1700 1695//1695 1698//1698
f 1692//1692 1700//1700 1698//1698
f 1692//1692 1698//1698 1689//1689
f 1698//1698 1697//1697 1690//1690
f 1698//1698 1690//1690 1689//1689
f 1699//1699 1697//1697 1694//1694
f 1691//1691 1690//1690 1697//1697
f 1691//1691 1697//1697 1699//1699
f 1701//1701 55//55 1703//1703
f 1704//1704 1705//1705 1701//1701
f 1705//1705 1707//1707 1702//1702
f 1705//1705 1702//1702 1701//1701
f 1705//1705 1709//1709 1707//1707
f 1706//1706 1701//1701 1703//1703
f 1711//1711 1712//1712 1713//1713
f 1708//1708 1714//1714 1715//1715
f 55//55 75//75 1710//1710
f 55//55 1710//1710 1703//1703
f 1705//1705 1714//1714 1708//1708
f 1706//1706 1710//1710 75//75
f 1704//1704 1706//1706 1716//1716
f 1704//1704 1716//1716 1717//1717
f 1704//1704 1715//1715 1714//1714
f 1718//1718 1719//1719 1720//1720
f 1712//1712 1719//1719 1713//1713
f 1721//1721 1722//1722 1723//1723
f 1725//1725 1726//1726 1727//1727
f 1725//1725 1727//1727 1728//1728
f 1727//1727 1726//1726 1729//1729
f 1727//1727 1729//1729 1730//1730
f 1723//1723 1722//1722 1731//1731
f 1723//1723 1731//1731 1732//1732
f 1733//1733 1734//1734 1735//1735
f 1730//1730 1729//1729 1733//1733
f 1730//1730 1733//1733 1736//1736
f 1732//1732 1731//1731 1737//1737
f 1732//1732 1737//1737 1734//1734
f 1729//1729 1732//1732 1734//1734
f 1729//1729 1734//1734 1733//1733
f 1739//1739 1740//1740 1723//1723
f 1739//1739 1723//1723 1738//1738
f 1741//1741 1739//1739 1738//1738
f 1741//1741 1738//1738 1742//1742
f 1743//1743 1742//1742 1724//1724
f 1740//1740 1743//1743 1724//1724
f 1740//1740 1724//1724 1723//1723
f 1744//1744 1745//1745 1738//1738
f 1744//1744 1738//1738 1726//1726
f 1746//1746 1744//1744 1726//1726
f 1746//1746 1726//1726 1725//1725
f 1747//1747 1746//1746 1725//1725
f 1745//1745 1747//1747 1742//1742
f 1745//1745 1742//1742 1738//1738
f 1584//1584 1581//1581 1585//1585
f 1584//1584 1585//1585 1586//1586
f 1582//1582 1583//1583 1587//1587
f 1582//1582 1587//1587 1588//1588
f 1748//1748 1749//1749 1750//1750
f 1748//1748 1750//1750 1751//1751
f 1752//1752 1753//1753 1754//1754
f 1752//1752 1754//1754 1755//1755
f 1754//1754 1753//1753 1756//1756
f 1754//1754 1756//1756 1757//1757
f 1750//1750 1749//1749 1758//1758
f 1750//1750 1758//1758 1759//1759
f 1760//1760 1761//1761 1762//1762
f 1757//1757 1756//1756 1760//1760
f 1757//1757 1760//1760 1763//1763
f 1759//1759 1758//1758 1764//1764
f 1759//1759 1764//1764 1761//1761
f 1756//1756 1759//1759 1761//1761
f 1756//1756 1761//1761 1760//1760
f 1766//1766 1767//1767 1750//1750
f 1766//1766 1750//1750 1765//1765
f 1768//1768 1766//1766 1765//1765
f 1768//1768 1765//1765 1769//1769
f 1770//1770 1768//1768 1769//1769
f 1767//1767 1770//1770 1751//1751
f 1767//1767 1751//1751 1750//1750
f 1771//1771 1772//1772 1765//1765
f 1771//1771 1765//1765 1753//1753
f 1773//1773 1771//1771 1753//1753
f 1774//1774 1773//1773 1752//1752
f 1774//1774 1752//1752 1769//1769
f 1772//1772 1769//1769 1765//1765
f 1628//1628 1625//1625 1629//1629
f 1628//1628 1629//1629 1630//1630
f 1626//1626 1627//1627 1631//1631
f 1626//1626 1631//1631 1632//1632
f 1775//1775 1776//1776 1777//1777
f 1775//1775 1777//1777 1778//1778
f 1777//1777 1779//1779 1780//1780
f 1777//1777 1780//1780 1778//1778
f 1780//1780 1781//1781 1775//1775
f 1780//1780 1775//1775 1778//1778
f 1782//1782 1781//1781 1780//1780
f 1782//1782 1780//1780 1779//1779
f 1776//1776 1775//1775 1781//1781
f 1776//1776 1781//1781 1782//1782
f 1783//1783 52//52 1784//1784
f 1783//1783 1784//1784 1785//1785
f 1269//1269 1785//1785 1784//1784
f 1266//1266 1265//1265 1786//1786
f 1293//1293 1266//1266 1787//1787
f 1293//1293 1787//1787 1785//1785
f 1265//1265 1269//1269 1784//1784
f 1265//1265 1784//1784 1786//1786
f 1276//1276 1275//1275 1788//1788
f 1296//1296 1281//1281 1787//1787
f 1296//1296 1787//1787 1786//1786
f 1281//1281 1789//1789 1787//1787
f 1786//1786 1790//1790 1788//1788
f 1791//1791 1793//1793 72//72
f 1357//1357 1793//1793 1792//1792
f 1356//1356 1794//1794 1790//1790
f 1356//1356 1790//1790 1353//1353
f 1381//1381 1794//1794 1356//1356
f 1353//1353 1790//1790 1793//1793
f 1353//1353 1793//1793 1357//1357
f 1366//1366 1789//1789 1788//1788
f 1366//1366 1788//1788 1363//1363
f 1384//1384 1794//1794 1370//1370
f 1370//1370 1794//1794 1789//1789
f 1363//1363 1788//1788 1790//1790
f 1363//1363 1790//1790 1384//1384
f 1275//1275 1296//1296 1786//1786
f 1275//1275 1786//1786 1788//1788

usemtl mat_roof
f 1165//1165 1166//1166 1167//1167
f 1165//1165 1167//1167 1168//1168
f 1174//1174 1173//1173 1175//1175
f 1174//1174 1175//1175 1176//1176
f 1177//1177 1178//1178 1179//1179
f 1177//1177 1179//1179 1180//1180
f 1189//1189 1190//1190 1191//1191
f 1189//1189 1191//1191 1192//1192
f 1198//1198 1197//1197 1199//1199
f 1198//1198 1199//1199 1200//1200
f 1201//1201 1202//1202 1203//1203
f 1201//1201 1203//1203 1204//1204
f 1540//1540 1525//1525 1526//1526
f 1540//1540 1526//1526 1539//1539
f 1572//1572 1571//1571 1558//1558
f 1572//1572 1558//1558 1557//1557
f 1581//1581 1582//1582 1583//1583
f 1581//1581 1583//1583 1584//1584
f 1605//1605 1606//1606 1607//1607
f 1605//1605 1607//1607 1608//1608
f 1610//1610 1620//1620 1619//1619
f 1610//1610 1619//1619 1611//1611
f 1625//1625 1626//1626 1627//1627
f 1625//1625 1627//1627 1628//1628
f 1649//1649 1650//1650 1651//1651
f 1649//1649 1651//1651 1652//1652
f 1654//1654 1664//1664 1663//1663
f 1654//1654 1663//1663 1655//1655
f 1665//1665 1666//1666 1667//1667
f 1665//1665 1667//1667 1668//1668
f 1669//1669 1670//1670 1668//1668
f 1669//1669 1668//1668 1667//1667
f 1677//1677 1678//1678 1679//1679
f 1677//1677 1679//1679 1680//1680
f 1681//1681 1682//1682 1680//1680
f 1681//1681 1680//1680 1679//1679
f 1692//1692 1691//1691 1699//1699
f 1692//1692 1699//1699 1700//1700
f 1700//1700 1699//1699 1693//1693
f 1700//1700 1693//1693 1696//1696

usemtl mat_windows
f 40//40 38//38 37//37
f 37//37 49//49 41//41
f 45//45 49//49 37//37
f 54//54 53//53 55//55
f 57//57 58//58 59//59
f 64//64 68//68 59//59
f 62//62 61//61 60//60
f 74//74 75//75 71//71
f 76//76 75//75 74//74
f 81//81 83//83 84//84
f 91//91 92//92 93//93
f 90//90 81//81 84//84
f 82//82 94//94 83//83
f 83//83 94//94 97//97
f 84//84 98//98 92//92
f 99//99 96//96 95//95
f 98//98 99//99 100//100
f 97//97 93//93 96//96
f 113//113 118//118 115//115
f 114//114 106//106 105//105
f 116//116 119//119 120//120
f 107//107 122//122 118//118
f 118//118 122//122 116//116
f 123//123 120//120 119//119
f 117//117 120//120 124//124
f 122//122 119//119 116//116
f 129//129 130//130 131//131
f 139//139 140//140 141//141
f 137//137 139//139 138//138
f 132//132 131//131 142//142
f 140//140 144//144 141//141
f 130//130 141//141 145//145
f 142//142 140//140 139//139
f 145//145 148//148 147//147
f 141//141 148//148 145//145
f 153//153 155//155 156//156
f 163//163 164//164 165//165
f 162//162 153//153 156//156
f 154//154 166//166 155//155
f 155//155 166//166 169//169
f 156//156 170//170 164//164
f 171//171 168//168 167//167
f 170//170 171//171 172//172
f 169//169 165//165 168//168
f 177//177 201//201 202//202
f 229//229 231//231 232//232
f 201//201 256//256 262//262
f 208//208 270//270 267//267
f 206//206 268//268 265//265
f 202//202 264//264 261//261
f 226//226 225//225 285//285
f 225//225 286//286 285//285
f 323//323 330//330 329//329
f 318//318 317//317 374//374
f 320//320 384//384 298//298
f 232//232 323//323 329//329
f 305//305 394//394 393//393
f 443//443 494//494 504//504
f 448//448 449//449 510//510
f 446//446 447//447 508//508
f 444//444 506//506 503//503
f 442//442 443//443 504//504
f 468//468 502//502 526//526
f 465//465 468//468 526//526
f 417//417 442//442 501//501
f 471//471 594//594 620//620
f 560//560 559//559 624//624
f 562//562 539//539 568//568
f 546//546 545//545 633//633
f 564//564 620//620 634//634
f 545//545 564//564 634//634
f 469//469 472//472 619//619
f 657//657 658//658 659//659
f 669//669 670//670 671//671
f 681//681 682//682 683//683
f 693//693 694//694 695//695
f 705//705 706//706 707//707
f 721//721 723//723 724//724
f 733//733 735//735 736//736
f 745//745 747//747 748//748
f 757//757 759//759 760//760
f 769//769 771//771 772//772
f 663//663 662//662 724//724
f 665//665 726//726 725//725
f 675//675 674//674 736//736
f 677//677 738//738 737//737
f 687//687 686//686 748//748
f 689//689 750//750 749//749
f 699//699 698//698 760//760
f 701//701 762//762 761//761
f 711//711 710//710 772//772
f 653//653 714//714 713//713
f 777//777 778//778 779//779
f 774//774 780//780 775//775
f 789//789 791//791 792//792
f 801//801 803//803 804//804
f 813//813 815//815 816//816
f 825//825 827//827 828//828
f 837//837 839//839 840//840
f 857//857 858//858 859//859
f 869//869 870//870 871//871
f 881//881 882//882 883//883
f 893//893 894//894 895//895
f 905//905 906//906 907//907
f 801//801 861//861 864//864
f 803//803 862//862 804//804
f 813//813 873//873 876//876
f 815//815 874//874 816//816
f 825//825 885//885 888//888
f 827//827 886//886 828//828
f 837//837 897//897 900//900
f 839//839 898//898 840//840
f 789//789 849//849 852//852
f 791//791 850//850 792//792
f 909//909 911//911 912//912
f 912//912 911//911 914//914
f 916//916 910//910 909//909
f 929//929 931//931 932//932
f 941//941 943//943 944//944
f 953//953 955//955 956//956
f 965//965 967//967 968//968
f 973//973 974//974 975//975
f 985//985 986//986 987//987
f 997//997 998//998 999//999
f 1009//1009 1010//1010 1011//1011
f 925//925 973//973 976//976
f 927//927 974//974 928//928
f 937//937 985//985 988//988
f 939//939 986//986 940//940
f 949//949 997//997 1000//1000
f 951//951 998//998 952//952
f 961//961 1009//1009 1012//1012
f 963//963 1010//1010 964//964
f 1021//1021 1022//1022 1023//1023
f 1025//1025 1027//1027 1028//1028
f 1024//1024 1023//1023 1026//1026
f 1037//1037 1038//1038 1039//1039
f 1049//1049 1050//1050 1051//1051
f 1061//1061 1062//1062 1063//1063
f 1073//1073 1074//1074 1075//1075
f 1077//1077 1079//1079 1080//1080
f 1089//1089 1091//1091 1092//1092
f 1101//1101 1103//1103 1104//1104
f 1113//1113 1115//1115 1116//1116
f 1029//1029 1078//1078 1077//1077
f 1039//1039 1038//1038 1088//1088
f 1041//1041 1090//1090 1089//1089
f 1051//1051 1050//1050 1100//1100
f 1053//1053 1102//1102 1101//1101
f 1063//1063 1062//1062 1112//1112
f 1065//1065 1114//1114 1113//1113
f 1075//1075 1074//1074 1124//1124
f 1133//1133 1139//1139 1140//1140
f 1134//1134 1133//1133 1140//1140
f 1137//1137 1136//1136 1145//1145
f 1139//1139 1146//1146 1142//1142
f 54//54 1142//1142 1146//1146
f 1147//1147 1153//1153 1154//1154
f 74//74 1156//1156 76//76
f 1158//1158 1155//1155 1154//1154
f 1154//1154 1155//1155 1159//1159
f 73//73 1159//1159 70//70
f 1209//1209 1211//1211 1212//1212
f 1211//1211 1212//1212 1216//1216
f 1209//1209 1214//1214 1210//1210
f 1221//1221 1222//1222 1223//1223
f 1219//1219 1222//1222 1223//1223
f 1225//1225 1226//1226 1227//1227
f 1229//1229 1231//1231 1232//1232
f 1225//1225 1229//1229 1232//1232
f 1233//1233 1235//1235 1236//1236
f 1235//1235 1239//1239 1238//1238
f 1233//1233 1240//1240 1234//1234
f 1245//1245 1246//1246 1247//1247
f 1243//1243 1246//1246 1244//1244
f 1249//1249 1250//1250 1251//1251
f 1253//1253 1255//1255 1256//1256
f 1249//1249 1253//1253 1256//1256
f 1257//1257 1259//1259 1260//1260
f 1265//1265 1266//1266 1267//1267
f 1269//1269 1268//1268 1270//1270
f 1262//1262 1261//1261 1274//1274
f 1275//1275 1277//1277 1278//1278
f 1276//1276 1281//1281 1282//1282
f 1283//1283 1280//1280 1284//1284
f 1262//1262 1271//1271 1285//1285
f 1271//1271 1286//1286 1285//1285
f 1260//1260 1259//1259 1288//1288
f 1290//1290 1260//1260 1289//1289
f 1258//1258 1283//1283 1288//1288
f 1274//1274 1292//1292 1270//1270
f 1291//1291 1273//1273 1267//1267
f 1272//1272 1270//1270 1268//1268
f 1261//1261 1287//1287 1291//1291
f 1266//1266 1292//1292 1267//1267
f 1279//1279 1294//1294 1278//1278
f 1284//1284 1282//1282 1295//1295
f 1294//1294 1284//1284 1295//1295
f 1257//1257 1294//1294 1279//1279
f 1290//1290 1283//1283 1284//1284
f 1281//1281 1295//1295 1282//1282
f 1301//1301 1302//1302 1303//1303
f 1299//1299 1302//1302 1298//1298
f 1305//1305 1306//1306 1307//1307
f 1309//1309 1311//1311 1312//1312
f 1305//1305 1308//1308 1310//1310
f 1313//1313 1315//1315 1316//1316
f 1315//1315 1319//1319 1320//1320
f 1313//1313 1318//1318 1317//1317
f 1325//1325 1326//1326 1327//1327
f 1323//1323 1328//1328 1327//1327
f 1329//1329 1330//1330 1331//1331
f 1333//1333 1335//1335 1336//1336
f 1329//1329 1332//1332 1334//1334
f 1337//1337 1339//1339 1340//1340
f 1339//1339 1343//1343 1344//1344
f 1337//1337 1342//1342 1341//1341
f 1349//1349 1350//1350 1351//1351
f 1353//1353 1355//1355 1356//1356
f 1359//1359 1360//1360 1361//1361
f 1352//1352 1362//1362 1349//1349
f 1348//1348 1367//1367 1368//1368
f 1366//1366 1369//1369 1370//1370
f 1373//1373 1351//1351 1350//1350
f 1352//1352 1373//1373 1359//1359
f 1375//1375 1374//1374 1350//1350
f 1346//1346 1377//1377 1347//1347
f 1371//1371 1377//1377 1376//1376
f 1348//1348 1377//1377 1371//1371
f 1360//1360 1355//1355 1354//1354
f 1380//1380 1355//1355 1360//1360
f 1375//1375 1380//1380 1360//1360
f 1349//1349 1380//1380 1375//1375
f 1381//1381 1379//1379 1358//1358
f 1368//1368 1364//1364 1382//1382
f 1367//1367 1369//1369 1365//1365
f 1382//1382 1383//1383 1372//1372
f 1384//1384 1383//1383 1364//1364
f 1378//1378 1372//1372 1371//1371
f 1385//1385 1386//1386 1387//1387
f 1389//1389 1391//1391 1392//1392
f 1387//1387 1391//1391 1390//1390
f 1393//1393 1395//1395 1396//1396
f 1393//1393 1397//1397 1400//1400
f 1395//1395 1398//1398 1396//1396
f 1405//1405 1406//1406 1407//1407
f 1401//1401 1408//1408 1402//1402
f 1409//1409 1410//1410 1411//1411
f 1413//1413 1415//1415 1416//1416
f 1411//1411 1415//1415 1414//1414
f 1417//1417 1419//1419 1420//1420
f 1417//1417 1421//1421 1424//1424
f 1419//1419 1422//1422 1420//1420
f 1429//1429 1430//1430 1431//1431
f 40//40 1433//1433 1434//1434
f 48//48 40//40 1434//1434
f 45//45 1437//1437 1438//1438
f 1428//1428 1441//1441 1442//1442
f 1441//1441 1444//1444 1442//1442
f 1440//1440 1446//1446 1430//1430
f 1442//1442 1426//1426 1425//1425
f 1443//1443 1427//1427 1434//1434
f 1426//1426 1435//1435 1436//1436
f 1430//1430 1446//1446 1437//1437
f 1431//1431 1448//1448 1447//1447
f 1427//1427 1426//1426 1436//1436
f 1444//1444 1433//1433 1435//1435
f 49//49 45//45 1438//1438
f 47//47 1448//1448 1437//1437
f 1432//1432 1431//1431 1445//1445
f 1449//1449 1451//1451 1452//1452
f 1449//1449 1452//1452 1454//1454
f 1451//1451 1456//1456 1455//1455
f 1461//1461 1462//1462 1463//1463
f 1457//1457 1462//1462 1461//1461
f 1465//1465 1466//1466 1467//1467
f 1469//1469 1471//1471 1472//1472
f 1467//1467 1471//1471 1472//1472
f 1473//1473 1475//1475 1476//1476
f 1473//1473 1476//1476 1478//1478
f 1475//1475 1480//1480 1479//1479
f 1485//1485 1486//1486 1487//1487
f 1481//1481 1486//1486 1485//1485
f 1489//1489 1490//1490 1491//1491
f 1493//1493 1495//1495 1496//1496
f 62//62 1498//1498 1499//1499
f 68//68 1497//1497 60//60
f 1494//1494 1493//1493 1503//1503
f 1490//1490 1505//1505 1506//1506
f 1504//1504 1503//1503 1509//1509
f 1503//1503 1496//1496 1509//1509
f 1490//1490 1506//1506 1508//1508
f 1508//1508 1497//1497 1491//1491
f 1510//1510 1501//1501 1511//1511
f 1496//1496 1502//1502 1509//1509
f 1509//1509 1502//1502 1501//1501
f 1491//1491 1500//1500 1492//1492
f 63//63 1499//1499 1500//1500
f 69//69 1501//1501 65//65
f 61//61 1512//1512 1511//1511
f 1494//1494 1510//1510 1495//1495
f 1517//1517 1518//1518 1519//1519
f 1521//1521 1523//1523 1524//1524
f 1527//1527 1521//1521 1524//1524
f 1523//1523 1528//1528 1524//1524
f 1531//1531 1532//1532 1533//1533
f 1535//1535 1537//1537 1538//1538
f 1531//1531 1535//1535 1538//1538
f 1523//1523 1522//1522 1520//1520
f 1529//1529 1519//1519 1539//1539
f 1518//1518 1540//1540 1539//1539
f 1541//1541 1543//1543 1544//1544
f 1541//1541 1513//1513 1516//1516
f 1549//1549 1550//1550 1551//1551
f 1553//1553 1555//1555 1556//1556
f 1559//1559 1560//1560 1554//1554
f 1555//1555 1560//1560 1561//1561
f 1563//1563 1564//1564 1565//1565
f 1567//1567 1569//1569 1570//1570
f 1563//1563 1566//1566 1568//1568
f 1555//1555 1551//1551 1550//1550
f 1561//1561 1551//1551 1555//1555
f 1552//1552 1551//1551 1571//1571
f 1573//1573 1575//1575 1576//1576
f 1575//1575 1548//1548 1574//1574
f 1593//1593 1597//1597 1598//1598
f 1592//1592 1599//1599 1600//1600
f 1609//1609 1611//1611 1612//1612
f 1606//1606 1615//1615 1616//1616
f 1617//1617 1616//1616 1615//1615
f 1592//1592 1600//1600 1615//1615
f 1600//1600 1617//1617 1615//1615
f 1645//1645 1643//1643 1646//1646
f 1633//1633 1645//1645 1646//1646
f 1653//1653 1657//1657 1658//1658
f 1661//1661 1662//1662 1660//1660
f 1647//1647 1641//1641 1658//1658
f 1641//1641 1653//1653 1658//1658
f 1644//1644 1645//1645 1661//1661
f 1693//1693 1694//1694 1695//1695
f 1699//1699 1694//1694 1693//1693
f 1701//1701 1702//1702 55//55
f 1704//1704 1701//1701 1706//1706
f 1705//1705 1708//1708 1709//1709
f 1706//1706 1703//1703 1710//1710
f 1708//1708 1715//1715 1709//1709
f 1705//1705 1704//1704 1714//1714
f 1706//1706 75//75 1716//1716
f 1704//1704 1717//1717 1715//1715
f 1712//1712 1720//1720 1719//1719
f 1721//1721 1723//1723 1724//1724
f 1743//1743 1741//1741 1742//1742
f 1747//1747 1725//1725 1742//1742
f 1770//1770 1769//1769 1751//1751
f 1773//1773 1753//1753 1752//1752
f 1772//1772 1774//1774 1769//1769
f 1269//1269 1293//1293 1785//1785
f 1266//1266 1786//1786 1787//1787
f 1276//1276 1788//1788 1789//1789
f 1281//1281 1276//1276 1789//1789
f 1791//1791 1792//1792 1793//1793
f 1357//1357 1792//1792 1381//1381
f 1381//1381 1792//1792 1794//1794
f 1384//1384 1790//1790 1794//1794
f 1370//1370 1789//1789 1366//1366
